-- MySQL dump 10.13  Distrib 8.0.32, for Win64 (x86_64)
--
-- Host: localhost    Database: store
-- ------------------------------------------------------
-- Server version	8.0.32

/*!40101 SET @OLD_CHARACTER_SET_CLIENT=@@CHARACTER_SET_CLIENT */;
/*!40101 SET @OLD_CHARACTER_SET_RESULTS=@@CHARACTER_SET_RESULTS */;
/*!40101 SET @OLD_COLLATION_CONNECTION=@@COLLATION_CONNECTION */;
/*!50503 SET NAMES utf8mb4 */;
/*!40103 SET @OLD_TIME_ZONE=@@TIME_ZONE */;
/*!40103 SET TIME_ZONE='+00:00' */;
/*!40014 SET @OLD_UNIQUE_CHECKS=@@UNIQUE_CHECKS, UNIQUE_CHECKS=0 */;
/*!40014 SET @OLD_FOREIGN_KEY_CHECKS=@@FOREIGN_KEY_CHECKS, FOREIGN_KEY_CHECKS=0 */;
/*!40101 SET @OLD_SQL_MODE=@@SQL_MODE, SQL_MODE='NO_AUTO_VALUE_ON_ZERO' */;
/*!40111 SET @OLD_SQL_NOTES=@@SQL_NOTES, SQL_NOTES=0 */;

--
-- Table structure for table `categories`
--

DROP TABLE IF EXISTS `categories`;
/*!40101 SET @saved_cs_client     = @@character_set_client */;
/*!50503 SET character_set_client = utf8mb4 */;
CREATE TABLE `categories` (
  `category_id` int NOT NULL AUTO_INCREMENT,
  `category_name` varchar(255) NOT NULL,
  `description` text,
  `icon` varchar(255) DEFAULT NULL,
  PRIMARY KEY (`category_id`),
  UNIQUE KEY `UQ_category` (`category_name`)
) ENGINE=InnoDB AUTO_INCREMENT=11 DEFAULT CHARSET=utf8mb4 COLLATE=utf8mb4_0900_ai_ci;
/*!40101 SET character_set_client = @saved_cs_client */;

--
-- Dumping data for table `categories`
--

LOCK TABLES `categories` WRITE;
/*!40000 ALTER TABLE `categories` DISABLE KEYS */;
INSERT INTO `categories` VALUES (1,'Laptop',NULL,'icon-laptop.png'),(2,'Phone',NULL,'img-dienthoai-desk.webp'),(3,'Other',NULL,'icon-accessories.png'),(4,'Camera',NULL,'images.jpeg'),(5,'Mainboard',NULL,NULL),(6,'Screen',NULL,'icon-screen.png'),(7,'Ram',NULL,NULL),(8,'CPU',NULL,NULL),(9,'VGA',NULL,NULL),(10,'Watch',NULL,'icon-smartwatch.png');
/*!40000 ALTER TABLE `categories` ENABLE KEYS */;
UNLOCK TABLES;

--
-- Table structure for table `comments`
--

DROP TABLE IF EXISTS `comments`;
/*!40101 SET @saved_cs_client     = @@character_set_client */;
/*!50503 SET character_set_client = utf8mb4 */;
CREATE TABLE `comments` (
  `comment_id` int NOT NULL AUTO_INCREMENT,
  `user_id` int NOT NULL,
  `product_id` int NOT NULL,
  `comment` varchar(255) DEFAULT NULL,
  `comment_date` date NOT NULL,
  PRIMARY KEY (`comment_id`),
  KEY `user_id` (`user_id`),
  KEY `product_id` (`product_id`),
  CONSTRAINT `comments_ibfk_1` FOREIGN KEY (`user_id`) REFERENCES `users` (`user_id`),
  CONSTRAINT `comments_ibfk_2` FOREIGN KEY (`product_id`) REFERENCES `products` (`product_id`)
) ENGINE=InnoDB DEFAULT CHARSET=utf8mb4 COLLATE=utf8mb4_0900_ai_ci;
/*!40101 SET character_set_client = @saved_cs_client */;

--
-- Dumping data for table `comments`
--

LOCK TABLES `comments` WRITE;
/*!40000 ALTER TABLE `comments` DISABLE KEYS */;
/*!40000 ALTER TABLE `comments` ENABLE KEYS */;
UNLOCK TABLES;

--
-- Table structure for table `order_details`
--

DROP TABLE IF EXISTS `order_details`;
/*!40101 SET @saved_cs_client     = @@character_set_client */;
/*!50503 SET character_set_client = utf8mb4 */;
CREATE TABLE `order_details` (
  `order_id` int NOT NULL,
  `product_id` int NOT NULL,
  `quantity` int NOT NULL,
  `price` int DEFAULT NULL,
  `discount` double DEFAULT NULL,
  KEY `order_id` (`order_id`),
  KEY `product_id` (`product_id`),
  CONSTRAINT `order_details_ibfk_1` FOREIGN KEY (`order_id`) REFERENCES `orders` (`order_id`),
  CONSTRAINT `order_details_ibfk_2` FOREIGN KEY (`product_id`) REFERENCES `products` (`product_id`),
  CONSTRAINT `atleast_quantity` CHECK ((`quantity` > 0)),
  CONSTRAINT `order_details_discount_limit` CHECK (((`discount` > 0) and (`discount` < 1)))
) ENGINE=InnoDB DEFAULT CHARSET=utf8mb4 COLLATE=utf8mb4_0900_ai_ci;
/*!40101 SET character_set_client = @saved_cs_client */;

--
-- Dumping data for table `order_details`
--

LOCK TABLES `order_details` WRITE;
/*!40000 ALTER TABLE `order_details` DISABLE KEYS */;
/*!40000 ALTER TABLE `order_details` ENABLE KEYS */;
UNLOCK TABLES;
/*!50003 SET @saved_cs_client      = @@character_set_client */ ;
/*!50003 SET @saved_cs_results     = @@character_set_results */ ;
/*!50003 SET @saved_col_connection = @@collation_connection */ ;
/*!50003 SET character_set_client  = utf8mb4 */ ;
/*!50003 SET character_set_results = utf8mb4 */ ;
/*!50003 SET collation_connection  = utf8mb4_0900_ai_ci */ ;
/*!50003 SET @saved_sql_mode       = @@sql_mode */ ;
/*!50003 SET sql_mode              = 'ONLY_FULL_GROUP_BY,STRICT_TRANS_TABLES,NO_ZERO_IN_DATE,NO_ZERO_DATE,ERROR_FOR_DIVISION_BY_ZERO,NO_ENGINE_SUBSTITUTION' */ ;
DELIMITER ;;
/*!50003 CREATE*/ /*!50017 DEFINER=`root`@`localhost`*/ /*!50003 TRIGGER `before_order_detail_insert` BEFORE INSERT ON `order_details` FOR EACH ROW UPDATE products

SET unit_in_order = unit_in_order + NEW.quantity

WHERE NEW.product_id = products.product_id */;;
DELIMITER ;
/*!50003 SET sql_mode              = @saved_sql_mode */ ;
/*!50003 SET character_set_client  = @saved_cs_client */ ;
/*!50003 SET character_set_results = @saved_cs_results */ ;
/*!50003 SET collation_connection  = @saved_col_connection */ ;
/*!50003 SET @saved_cs_client      = @@character_set_client */ ;
/*!50003 SET @saved_cs_results     = @@character_set_results */ ;
/*!50003 SET @saved_col_connection = @@collation_connection */ ;
/*!50003 SET character_set_client  = utf8mb4 */ ;
/*!50003 SET character_set_results = utf8mb4 */ ;
/*!50003 SET collation_connection  = utf8mb4_0900_ai_ci */ ;
/*!50003 SET @saved_sql_mode       = @@sql_mode */ ;
/*!50003 SET sql_mode              = 'ONLY_FULL_GROUP_BY,STRICT_TRANS_TABLES,NO_ZERO_IN_DATE,NO_ZERO_DATE,ERROR_FOR_DIVISION_BY_ZERO,NO_ENGINE_SUBSTITUTION' */ ;
DELIMITER ;;
/*!50003 CREATE*/ /*!50017 DEFINER=`root`@`localhost`*/ /*!50003 TRIGGER `before_order_detail_update` BEFORE UPDATE ON `order_details` FOR EACH ROW BEGIN

      IF (NEW.quantity <> OLD.quantity) THEN

            UPDATE products

            SET unit_in_order = unit_in_order + (NEW.quantity - OLD.quantity)

            WHERE NEW.product_id = products.product_id AND NEW.quantity <> OLD.quantity;

      END IF;

    END */;;
DELIMITER ;
/*!50003 SET sql_mode              = @saved_sql_mode */ ;
/*!50003 SET character_set_client  = @saved_cs_client */ ;
/*!50003 SET character_set_results = @saved_cs_results */ ;
/*!50003 SET collation_connection  = @saved_col_connection */ ;
/*!50003 SET @saved_cs_client      = @@character_set_client */ ;
/*!50003 SET @saved_cs_results     = @@character_set_results */ ;
/*!50003 SET @saved_col_connection = @@collation_connection */ ;
/*!50003 SET character_set_client  = utf8mb4 */ ;
/*!50003 SET character_set_results = utf8mb4 */ ;
/*!50003 SET collation_connection  = utf8mb4_0900_ai_ci */ ;
/*!50003 SET @saved_sql_mode       = @@sql_mode */ ;
/*!50003 SET sql_mode              = 'ONLY_FULL_GROUP_BY,STRICT_TRANS_TABLES,NO_ZERO_IN_DATE,NO_ZERO_DATE,ERROR_FOR_DIVISION_BY_ZERO,NO_ENGINE_SUBSTITUTION' */ ;
DELIMITER ;;
/*!50003 CREATE*/ /*!50017 DEFINER=`root`@`localhost`*/ /*!50003 TRIGGER `before_order_detail_delete` BEFORE DELETE ON `order_details` FOR EACH ROW UPDATE products

SET unit_in_order = unit_in_order - OLD.quantity

WHERE OLD.product_id = products.product_id */;;
DELIMITER ;
/*!50003 SET sql_mode              = @saved_sql_mode */ ;
/*!50003 SET character_set_client  = @saved_cs_client */ ;
/*!50003 SET character_set_results = @saved_cs_results */ ;
/*!50003 SET collation_connection  = @saved_col_connection */ ;

--
-- Table structure for table `orders`
--

DROP TABLE IF EXISTS `orders`;
/*!40101 SET @saved_cs_client     = @@character_set_client */;
/*!50503 SET character_set_client = utf8mb4 */;
CREATE TABLE `orders` (
  `order_id` int NOT NULL AUTO_INCREMENT,
  `user_id` int NOT NULL,
  `order_date` datetime DEFAULT NULL,
  `voucher_id` varchar(60) DEFAULT NULL,
  `paid_method_id` int DEFAULT NULL,
  `paid` tinyint(1) NOT NULL DEFAULT '0',
  PRIMARY KEY (`order_id`),
  KEY `user_id` (`user_id`),
  KEY `voucher_id` (`voucher_id`),
  KEY `paid_method_id` (`paid_method_id`),
  CONSTRAINT `orders_ibfk_1` FOREIGN KEY (`user_id`) REFERENCES `users` (`user_id`),
  CONSTRAINT `orders_ibfk_2` FOREIGN KEY (`voucher_id`) REFERENCES `vouchers` (`voucher_id`),
  CONSTRAINT `orders_ibfk_3` FOREIGN KEY (`paid_method_id`) REFERENCES `payment_methods` (`method_id`)
) ENGINE=InnoDB DEFAULT CHARSET=utf8mb4 COLLATE=utf8mb4_0900_ai_ci;
/*!40101 SET character_set_client = @saved_cs_client */;

--
-- Dumping data for table `orders`
--

LOCK TABLES `orders` WRITE;
/*!40000 ALTER TABLE `orders` DISABLE KEYS */;
/*!40000 ALTER TABLE `orders` ENABLE KEYS */;
UNLOCK TABLES;
/*!50003 SET @saved_cs_client      = @@character_set_client */ ;
/*!50003 SET @saved_cs_results     = @@character_set_results */ ;
/*!50003 SET @saved_col_connection = @@collation_connection */ ;
/*!50003 SET character_set_client  = utf8mb4 */ ;
/*!50003 SET character_set_results = utf8mb4 */ ;
/*!50003 SET collation_connection  = utf8mb4_0900_ai_ci */ ;
/*!50003 SET @saved_sql_mode       = @@sql_mode */ ;
/*!50003 SET sql_mode              = 'ONLY_FULL_GROUP_BY,STRICT_TRANS_TABLES,NO_ZERO_IN_DATE,NO_ZERO_DATE,ERROR_FOR_DIVISION_BY_ZERO,NO_ENGINE_SUBSTITUTION' */ ;
DELIMITER ;;
/*!50003 CREATE*/ /*!50017 DEFINER=`root`@`localhost`*/ /*!50003 TRIGGER `before_orders_update` BEFORE UPDATE ON `orders` FOR EACH ROW BEGIN

      IF (NEW.paid = 1) THEN

            UPDATE products JOIN order_details ON products.product_id = order_details.product_id

			JOIN orders ON order_details.order_id = NEW.order_id

			SET products.quantity = products.quantity - order_details.quantity,

			unit_in_order = unit_in_order - order_details.quantity,

			order_details.price = products.price,

			order_details.discount = products.discount

			WHERE products.product_id = order_details.product_id;

      END IF;

    END */;;
DELIMITER ;
/*!50003 SET sql_mode              = @saved_sql_mode */ ;
/*!50003 SET character_set_client  = @saved_cs_client */ ;
/*!50003 SET character_set_results = @saved_cs_results */ ;
/*!50003 SET collation_connection  = @saved_col_connection */ ;

--
-- Table structure for table `payment_methods`
--

DROP TABLE IF EXISTS `payment_methods`;
/*!40101 SET @saved_cs_client     = @@character_set_client */;
/*!50503 SET character_set_client = utf8mb4 */;
CREATE TABLE `payment_methods` (
  `method_id` int NOT NULL AUTO_INCREMENT,
  `name` varchar(255) DEFAULT NULL,
  PRIMARY KEY (`method_id`)
) ENGINE=InnoDB AUTO_INCREMENT=3 DEFAULT CHARSET=utf8mb4 COLLATE=utf8mb4_0900_ai_ci;
/*!40101 SET character_set_client = @saved_cs_client */;

--
-- Dumping data for table `payment_methods`
--

LOCK TABLES `payment_methods` WRITE;
/*!40000 ALTER TABLE `payment_methods` DISABLE KEYS */;
INSERT INTO `payment_methods` VALUES (1,'Cash'),(2,'Electronic bank transfers');
/*!40000 ALTER TABLE `payment_methods` ENABLE KEYS */;
UNLOCK TABLES;

--
-- Table structure for table `products`
--

DROP TABLE IF EXISTS `products`;
/*!40101 SET @saved_cs_client     = @@character_set_client */;
/*!50503 SET character_set_client = utf8mb4 */;
CREATE TABLE `products` (
  `product_id` int NOT NULL AUTO_INCREMENT,
  `product_name` varchar(255) NOT NULL,
  `supplier_id` int NOT NULL,
  `category_id` int NOT NULL,
  `price` int unsigned NOT NULL,
  `quantity` int unsigned NOT NULL DEFAULT '0',
  `unit_in_order` int unsigned NOT NULL DEFAULT '0',
  `discount` double DEFAULT NULL,
  `images` varchar(500) DEFAULT NULL,
  `description` text,
  PRIMARY KEY (`product_id`),
  UNIQUE KEY `UQ_product` (`product_name`),
  KEY `supplier_id` (`supplier_id`),
  KEY `category_id` (`category_id`),
  CONSTRAINT `products_ibfk_1` FOREIGN KEY (`supplier_id`) REFERENCES `suppliers` (`supplier_id`),
  CONSTRAINT `products_ibfk_2` FOREIGN KEY (`category_id`) REFERENCES `categories` (`category_id`),
  CONSTRAINT `discount_limit` CHECK (((`discount` > 0) and (`discount` < 1))),
  CONSTRAINT `order_limit` CHECK ((`unit_in_order` <= `quantity`))
) ENGINE=InnoDB AUTO_INCREMENT=913 DEFAULT CHARSET=utf8mb4 COLLATE=utf8mb4_0900_ai_ci;
/*!40101 SET character_set_client = @saved_cs_client */;

--
-- Dumping data for table `products`
--

LOCK TABLES `products` WRITE;
/*!40000 ALTER TABLE `products` DISABLE KEYS */;
INSERT INTO `products` VALUES (1,'Laptop MSI Gaming Pulse GL76 11UEK-437VN (i7-11800H Gen 11th | 16GB DDR4 | SSD 512GB PCIe | VGA RTX 3060 6GB | 17.3 FHD IPS 144Hz | Win10| Titanium Gray) - Hàng Chính Hãng',1,1,38990000,1000,0,NULL,'921f96137c0d71c700d6b5141e4ea5a0.png',NULL),(2,'Laptop Asus TUF Gaming F15 FX506LHB i5-10300H/8GB/512GB/Win11 HN188W - Hàng chính hãng',3,1,15990000,1000,0,NULL,'c2e7398856394743517f89ff2bf15f4e.jpg',NULL),(3,'Laptop Lenovo IdeaPad Gaming 3 15IHU6 82K100FBVN (Core i7-11370H/8GB RAM/512GB SSD/15.6-in - Hàng chính hãng',5,1,20890000,1000,0,NULL,'64d8b1511755668a6235654da60437dd.jpg',NULL),(4,'Laptop Acer Nitro 5 AN515-45-R6EV R5-5600H |8GB|512GB|GTX 1650 4GB|156 FHD 144Hz|Win 11 Hàng chính hãng',2,1,18790000,1000,0,NULL,'eb1ef0b698fcb68ece413e1f6349e2bd.jpg',NULL),(5,'Laptop Asus ROG Strix G15 G513RC-HN090W (Ryzen 7-6800H/8GB/512GB/RTX 3050 4GB/15.6-inch FHD/Win 11/Electro Punk)-Hàng chính hãng',3,1,26990000,1000,0,NULL,'141c10c609b42c4059202b08e5a237d1.png',NULL),(6,'Laptop HP Victus 16-d0293TX (5Z9R4PA) (i5-11400H|512GB|3050Ti 4GB|16.1 FHD 144Hz) Hàng chính hãng',4,1,21690000,1000,0,NULL,'c1529a187f3d7888ae93dd6dbf46b319.jpg',NULL),(7,'Laptop Lenovo Legion 5 15IAH7 82RC003WVN |i5-12500H|8GB|512GB|RTX 3050 Ti|Win11- Hàng chính hãng',5,1,32150400,1000,0,NULL,'c0042d5c8ee977fba0aa1b34a4de1e6f.jpg',NULL),(8,'Laptop HP ProBook 440 G8 614F9PA (i7-1165G7/8GB/512GB SSD/Win11) -  Hàng Chính Hãng',4,1,23020000,1000,0,NULL,'fe8fdb7a21a55fa9a7248f4895917f67.png',NULL),(9,'Laptop HP 240 G8 i5 1135G7/8GB/256GB/14F/Win10/(518V6PA)/Bạc - Hàng chính hãng',4,1,15290000,1000,0,NULL,'6ed1f897e83d67e79769aff5664253fd.jpg',NULL),(10,'Laptop Acer Nitro Gaming AN515-58-773Y i7 12700H/8GB/512GB/15.6FHD/3050Ti 4GB/Win11 Hàng Chính Hãng',2,1,28990000,1000,0,NULL,'e1be5aa2598342f12f686680fa889387.png',NULL),(11,'Laptop Asus TUF Gaming F15 FX506HC i5-11400H/8GB/512GB/Win11 HN144W - Hàng chính hãng',3,1,18990000,1000,0,NULL,'159690c42763b35c3d3736b822d2274a.jpg',NULL),(12,'Laptop HP Pavilion X360 14 ek0055TU i7 1255U/16GB/512GB/14F/Touch/Pen/Win11/(6L293PA)/Vàng - Hàng Chính hãng',4,1,24420000,1000,0,NULL,'a4d3d1364ad946a80d1995ca9553ed8f.jpg',NULL),(13,'Laptop Asus TUF Gaming FX517ZC i5 12450H/8GB/512GB/4GB RTX3050/144Hz/Win11 (HN077W) - Hàng chính hãng',3,1,23690000,1000,0,NULL,'8c63606d0a62249ca82dbe74c87d9e84.jpg',NULL),(14,'Laptop MSI Bravo 15 B5DD 275VN Đen /R7-5800H/512GSSD/8G/RX5500M4GB/15.6FHD/W11 - Hàng Chính Hãng',1,1,22990000,1000,0,NULL,'80efd9595292a9cb82aec2d2ed9d935a.png',NULL),(15,'Laptop Lenovo IdeaPad Gaming 3 15ACH6 82K200T1VN R7 5800H|8GB|512GB|RTX 3050|Win11 - Hàng chính hãng',5,1,20150400,1000,0,NULL,'be4209392a891884c6c79dcbf5973da2.jpg',NULL),(16,'Laptop MSI Creator Z16 B12UGST-044VN (I7-12700H Gen 12 | 32GB DDR5 | SSD 2 TB PCle | VGA RTX 3070Ti 8GB | 16 QHD 165Hz | Win11|Luna Gray ) - Hàng Chính Hãng',1,1,79990000,1000,0,NULL,'5539ed6d6fcd56fc41e268afdc7da9f2.png',NULL),(17,'Laptop HP Victus 16-E0168AX R7-5800H/8GB/512GB 4R0U6PA - Hàng chính hãng',4,1,22990000,1000,0,NULL,'871dcbbae5570185ea2d77419c37a53d.jpg',NULL),(18,'Laptop HP Pavilion 15-eg0513TU 46M12PA Vàng - Hàng chính hãng (chỉ giao HN và một số khu vực)',4,1,12020000,1000,0,NULL,'4ddcf98292007a24696778678af3c2ac.jpg',NULL),(19,'Laptop MSI Modern 14 B5M R5 5500U/8GB/512GB/Túi/Chuột/Win11 (203VN) - Hàng Chính Hãng',1,1,19000000,1000,0,NULL,'8b284e2cfc027678f87fc7a80aae15ec.jpg',NULL),(20,'Vivobook ASUS  R564JA-UH31T Core i3-1005G1 / RAM 4GB / SSD 128GB / 15.6 Full HD Touchscreen / Win 10- Hàng nhập khẩu',3,1,13950000,1000,0,NULL,'e865d7eb997bb93dfbcfd0e747747bd9.png',NULL),(21,'Laptop Acer Nitro 5 Eagle AN515-57-5669 i5-11400H | 8GB |512GB |GTX 1650 |15.6 FHD 144Hz Hàng chính hãng',2,1,19790000,1000,0,NULL,'10f0103bc8fe7e17a0b1a79049bfc144.jpg',NULL),(22,'Laptop HP Pavilion 15-eg2034TX 6K780PA (Core i7-1255U | 8GB | 512GB | MX550 2GB | 15.6 inch FHD | Windows 11 | Vàng) - Hàng Chính Hãng',4,1,22620000,1000,0,NULL,'79c51386edefc866ed38e56fd16154c3.png',NULL),(23,'Sạc dành cho laptop Asus Gaming FX705DT FX705DD - Sạc Zin - Hàng Chính Hãng',6,3,785925,1000,0,NULL,'19bc4a96fa3afc07103ec69545af1d21.jpg',NULL),(24,'Laptop Gigabyte G5 i5 10500H/16GB/512GB/6GB RTX3060/15.6F/144Hz/Win11/(KC-5S11130SB)/Đen - Hàng chính hãng',7,1,22900000,1000,0,NULL,'022b0c13d0db6314a02694862d5ecc5f.png',NULL),(25,'Laptop MSI VECTOR GP76 12UGS-610VN (i7-12700H Gen 12th | 16GB DDR4 | SSD 1TB PCle | VGA RTX 3070Ti 6GB | 17.3 FHD IPS 360Hz | Win11| Black) - Hàng Chính Hãng',1,1,57990000,1000,0,NULL,'20c5de6778033a65d0ecf2813f243e69.png',NULL),(26,'Laptop HP Pavilion 15 eg2066TU i7 1260P/16GB/512GB/15.6F/Win11/(6K7E2PA)/Vàng - Hàng chính hãng',4,1,22620000,1000,0,NULL,'aaeb5aab5ff4fb90d8e15936ad7197a8.png',NULL),(27,'Laptop HP Victus 16-e0168AX 4R0U6PA R7-5800H | 8GB | 512GB |RTX 3050Ti 4GB | 144Hz Hàng chính hãng',4,1,22690000,1000,0,NULL,'1e86b55c8cff58d0093325589e3e8377.jpg',NULL),(28,'Laptop Acer Nitro AN515 57 720A i7 11800H/8GB/512GB/4GB RTX3050Ti/15.6F/144Hz/Win11/(NH.QEQSV.004)/Đen - Hàng chính hãng',2,1,24900000,1000,0,NULL,'47551cd820bd8fec66cda63f398fbaf5.png',NULL),(29,'Laptop HP Pavilion 15-eg2056TU (6K786PA) (i5-1240P | 8GB | 512GB | Intel Iris Xe Graphics | 15.6 FHD | Win 11) Hàng chính hãng',4,1,17320000,1000,0,NULL,'7fbf99df4206ccefc6c689c5a3c1b715.jpg',NULL),(30,'Laptop Gaming Acer Nitro 5 Tiger AN515-58-52SP  i5-12500H/RAM 8GB/512GB SSD/3050 4GB Hàng Chính Hãng',2,1,24990000,1000,0,NULL,'d55fe475c107f9d9bc49672be3625bec.png',NULL),(31,'Laptop HP Victus 16-e1102AX 7C139PA (R7-6800H | 16GB | 512GB | GeForce RTX 3050Ti 4GB | 16.1 FHD 144Hz | Win 11) Hàng chính hãng',4,1,29690000,1000,0,NULL,'45b612e7dd7300bfe124172920528559.jpg',NULL),(32,'Laptop Asus TUF Dash F15 (FX517ZC-HN077W) (Core i5-12450H/8GB/512GB/RTX 3050 4GB/15.6-inch FHD/Win 11/Black)-Hàng chính hãng',3,1,23990000,1000,0,NULL,'2863163ad06db259e7b6fe750e3caefd.png',NULL),(33,'Laptop HP 240 G8 (6L1A1PA) (i3-1115G4 | 8GB | 256GB | Intel UHD Graphics | 14 FHD | Win 11) Hàng chính hãng',4,1,11890000,1000,0,NULL,'c75dde9edd3b019a12bab2f0e79bf820.jpg',NULL),(34,'Laptop HP ProBook 450 G9 (6M0Z8PA) (i7-1255U | 8GB | 512GB | Intel Iris Xe Graphics | 15.6 FHD | Win 11) Hàng chính hãng',4,1,24020000,1000,0,NULL,'ae9b1a135805c91d8dfeb10e468ae9fb.jpg',NULL),(35,'laptop MSI Gaming Crosshair 15 B12UEZ-460VN (i7-12700H Gen 12th | 16GB DDR4 | SSD 1TB PCle | VGA RTX 3060 8GB | 15.6 INCH QHD IPS 165Hz | Win11|Gradient) - Hàng Chính Hãng',1,1,43990000,1000,0,NULL,'d3376489ee1b011f384b27bf1457c37c.png',NULL),(36,'Laptop Asus TUF Gaming F15 FX507ZC-HN124W (Core i7-12700H/8GB/512GB/RTX 3050 4GB/15.6-inch FHD/Win 11/Jaeger Gray)-Hàng chính hãng',3,1,26990000,1000,0,NULL,'83c60c3987137a0e07fbce961e1626bc.png',NULL),(37,'Laptop HP Pavilion X360 14-ek0059TU (6K7E1PA) (i3-1215U | 8GB | 256GB | Intel UHD Graphics | 14 FHD Touch | Win 11) Hàng chính hãng',4,1,15920000,1000,0,NULL,'56451699b7be2c735c91bfe4cbbec6fb.png',NULL),(38,'Laptop Dell Alienware M15 R6 P109F001DBL (Core i7-11800H/ 32GB/ 1TB SSD/ RTX 3060/ 15.6 FHD, 165Hz/ Win11 + Office) - Hàng Chính Hãng',8,1,49990000,1000,0,NULL,'d777fa9591575a75201f9f523ee1e36c.jpg',NULL),(39,'Laptop Lenovo 100e Gen 2 N4020/4GB/64GB eMMC/Intel UHD Graphics 600/11.6HD/Win 10 Pro - HÀNG CHÍNH HÃNG',5,1,4598400,1000,0,NULL,'7d074b54a6a1f4c940bcd3340031c28d.jpg',NULL),(40,'Laptop MSI Modern 14 B11MOU 1028VN 1115G4/8GB/256GB/14FHD/Win11/(1028VN) - Hàng chính hãng',1,1,9990000,1000,0,NULL,'c21574f6d5b2175624b930fd9cab4d19.png',NULL),(41,'Laptop Acer Gaming Nitro 5 AN515-45-R86D (NH.QBCSV.005) (R7 5800H/8GB Ram/512GB SSD/RTX3060 6G/15.6 inch FHD 144Hz/Win 11/Đen) Hàng chính hãng',2,1,27990000,1000,0,NULL,'2ed9cb2f883df319ddca546390d6fd21.jpg',NULL),(42,'Laptop HP Pavilion 14-dv2051TU (6K7G8PA) (i3-1215U | 4GB | 256GB | Intel UHD Graphics | 14 FHD | Win 11) - Hàng Chính Hãng',4,1,12920000,1000,0,NULL,'c4c288a14cfa990c8b83c27f11632e35.png',NULL),(43,'Laptop MSI Gaming GF63 Thin 11SC-664VN (I5-11400H Gen 11th | 8GB DDR4 | SSD 512GB PCle | VGA GTX 1650 4GB GDDR6 | 15.6 FHD IPS 144Hz | Win11| Black) - Hàng Chính Hãng',1,1,15990000,1000,0,NULL,'3dd844a32fcdb32c8849696c860362f6.jpg',NULL),(44,'Laptop gaming LENOVO IdeaPad 3 15ACH6 82K2010GVN R5-5600H|8G|512G|15.6FHD120Hz|RTX3050Ti|W11 - Hàng chính hãng',5,1,19800500,1000,0,NULL,'e84f414a8085e846700f6522cffd65f5.jpg',NULL),(45,'Laptop Acer Nitro 5 AN515-45-R6EV (AMD R5-5600H/ 8GB/ 512GB/ 4GB GTX1650/ 15.6 FHD IPS, 144Hz/ Win11) - Hàng Chính Hãng',2,1,19020000,1000,0,NULL,'6b65dc67b33f0d89197f96c9ed1f7c3b.jpg',NULL),(46,'Laptop Acer Aspire 7 A715-42G-R1SB (AMD R5-5500U/ 8GB DDR4/ 256GB SSD/ GTX 1650 4GB/ 15.6 FHD IPS, 144Hz/ Win10) - Hàng Chính Hãng',2,1,14120000,1000,0,NULL,'becb5398f0be90119a855804ad2a05ce.jpg',NULL),(47,'Laptop HP 340s G7 36A43PA (Core i5-1035G1/ 8GB/ 256GB/ 14 FHD/ Win10) - Hàng Chính Hãng',4,1,14020000,1000,0,NULL,'a21dc60ec60ab274c3ae5b96d1d34647.png',NULL),(48,'Laptop Gaming Acer Aspire 7 A715-42G-R4XX NH.QAYSV.003- Hàng chính hãng',2,1,15200000,1000,0,NULL,'4787f4dfb66ebfde46ec8d7df83c54d0.jpg',NULL),(49,'Laptop gaming HP VICTUS 16 e0179AX 4R0V0PA R5 5600H|8GB|512GB|4GB RTX3050Ti |144Hz|WIN11 - Hàng chính hãng',4,1,20990000,1000,0,NULL,'f42d319106b32dd1aaa3153393255ddc.png',NULL),(50,'Laptop MSI Gaming GF63 11UC-443VN (i5-11400H Gen 11Th | 8GB DDR4 | SSD 512GB PCle | VGA RTX3050 Max-Q 4GB | 15.6 FHD IPS | Win10|Black) - Hàng Chính Hãng',1,1,21990000,1000,0,NULL,'785d167e60cf55bd7dbfd60d649b1f51.png',NULL),(51,'Laptop Gigabyte U4 UD-50VN823SO ( i5-1155G7, Iris Xe Graphics, Ram 16GB DDR4, SSD 512GB, 14 Inch IPS FHD ) - Hàng Chính Hãng',7,1,15490000,1000,0,NULL,'9785253def880c6afdad5df2d1eab8bf.png',NULL),(52,'Laptop HP Pavilion X360 14-ek0057TU (6K7E0PA) (i5-1235U | 8GB | 512GB | Intel Iris Xe Graphics | 14 FHD Touch | Win 11) Hàng chính hãng',4,1,19520000,1000,0,NULL,'5370e71b976c5980a05e6668d0f8eacb.jpg',NULL),(53,'Laptop MSI Gaming Katana GF66 11UC-698VN | I7 11800H | 8GB RAM | 512GB SSD | 15.6 inch FHD 144Hz | RTX3050 4GB | Win10 | Đen - Hàng Chính Hãng',1,1,22190000,1000,0,NULL,'a92cd5b548681f55d3a82c68ccb654a9.png',NULL),(54,'Laptop HP Gaming VICTUS 16 d0200TX 4R0U2PA i7 11800H - Hàng chính hãng',4,1,22990000,1000,0,NULL,'eada54e71d1b3a4a61e7a190863bce63.png',NULL),(55,'Laptop gaming LENOVO LEGION 5 15ACH6H R7-5800H|16GD4|512GB|15.6FHD|RTX3060|W11 - Hàng chính hãng',5,1,35490000,1000,0,NULL,'bf113c99152d6d59c9c98b0c06226f9c.jpg',NULL),(56,'Laptop MSI Gaming GF63 Thin 11UD-628VN (i7-11800H/8GB RAM/512GB SSD/RTX3050Ti Max 4GB/15.6 FHD 60Hz 72% NTSC/Win10/Black) - Hàng Chính Hãng',1,1,27990000,1000,0,NULL,'9b2f7fb96b8f288d604c2f9ae581b6b3.png',NULL),(57,'Máy tính Laptop HP ProBook 440 G9 6M0V7PA (14 Full HD/Intel Core i3-1215U/8GB/256GB SSD/Windows 11 Home) - Hàng Chính Hãng',4,1,16520000,1000,0,NULL,'a2da7476e37b76ff78468d953bec1cb5.png',NULL),(58,'Laptop HP Victus 16-e0168AX 4R0U6PA R7-5800H | 8GB | 512GB | GeForce RTX 3050Ti 4GB | 16.1 FHD 144Hz | Win 10 - Hàng chính hãng',4,1,22690000,1000,0,NULL,'d74f626b6846266ccc8d3ea40acd6c3b.png',NULL),(59,'Laptop ASUS TUF Gaming A15 FA506ICB-HN355W (R5-4600H | 8GB | 512GB | GeForce RTX 3050 4GB | 15.6′ FHD 144Hz | Win 11) - Hàng Chính Hãng',3,1,18490000,1000,0,NULL,'1e40f7a23eca6f402aefe5fb9dbda9be.png',NULL),(60,'Laptop Colorful AT i7 11800H/ 3060 6G DDR6/ 16G3200-D4/ SSD 512GB - Hàng Chính Hãng',9,3,42900000,1000,0,NULL,'855ce7cff3781784f0722572d1256412.jpg',NULL),(63,'Laptop MSI Modern 14 B11MOU-1033VN ( i7-1195G7 Gen 11th | 8GB DDR4 | SSD 512GB PCIe | VGA Onboard | 14.1 FHD IPS | Win11| Gray) - Hàng Chính Hãng',1,1,15490000,1000,0,NULL,'11cb8a79d1e578932dba02b1272522db.png',NULL),(64,'Laptop MSI Gaming Katana GF66 11UC-698VN (I7-11800H Gen 11th | 8GB DDR4 | SSD 512GB PCle | VGA RTX 3050 4GB | 15.6 FHD IPS 144Hz | Win10| Black) - Hàng Chính Hãng',1,1,29490000,1000,0,NULL,'6f819879f63a516fe7a5091e1227d946.png',NULL),(65,'Laptop HP ProBook 430 G8(614K6PA)(i3-1115G4|4GB|256GB|Intel UHD Graphics|13.3 HD|)Hàng chính hãng',4,1,13420000,1000,0,NULL,'b26cc5084864a7d3b132827dac211159.png',NULL),(66,'Laptop MSI Gaming Katana GF76 11UE-446VN (i7-11800H Gen 11th | 16 GB DDR4 | SSD 512GB PCIe | VGA RTX 3060 6GB GDDR6 | 17.3 FHD IPS 144Hz | Win11|Black) - Hàng Chính hãng',1,1,36990000,1000,0,NULL,'9ceeec0e7bc6efd5b6291fe5d086f79a.png',NULL),(67,'Laptop MSI Gaming Crosshair 17 A12UEZ 264VN (I7-12700H GEN 12 | 16GB DDR4 | SSD 1TB PCle | VGA RTX 3060 6GB | 17.3 FHD IPS 360Hz | Win11 | Multi-color Gradient) - Hàng Chính Hãng',1,1,44990000,1000,0,NULL,'1f7331fc834810298c4dde3de285cfd0.png',NULL),(68,'Laptop Gaming MSI Bravo 15 B5DD 276VN (Ryzen 5-5600H/8GB/512GB/RX 5500M 4GB/15.6 inch FHD/Win 11/Đen) - Hàng chính hãng',1,1,20990000,1000,0,NULL,'bb832eb33a138f32594fb3d169490c77.png',NULL),(70,'Laptop HP Omen 16-b0176TX (5Z9Q7PA) (i7-11800H | 16GB | 1TB | GeForce RTX 3060 6GB | 16.1 FHD 144Hz | Win 11) Hàng chính hãng',4,1,39390000,1000,0,NULL,'edcd61b3c94fc53e34d0f1281c81da76.jpg',NULL),(71,'Laptop HP Victus 16-e1102AX (7C139PA) (R7-6800H | 16GB | 512GB | GeForce RTX 3050Ti 4GB | 16.1 FHD 144Hz | Win 11) Hàng chính hãng',4,1,29090000,1000,0,NULL,'e1e62898e90c4badd61a313267effbfb.jpg',NULL),(72,'Laptop MSI Gaming Pulse GL76 11UDK 690VN (i7-11800H | 16GB | 512GB | RTX3050 Ti 4GB | 17.3 inch FHD 144Hz | Win 11 | Titanium Gray) - Hàng Chính Hãng',1,1,34490000,1000,0,NULL,'c9ae5d46a166de26176bebaf4c95202a.png',NULL),(73,'Laptop LENOVO IdeaPad Gaming 3 15IHU6 (82K100KLVN) | Intel Core i5 _ 11300H | 8GB | 512GB | RTX 3050Ti 4GB | 15.6 FHD  120Hz | Win 11 | Hàng chính hãng',5,1,19990000,1000,0,NULL,'0f8a62982bc6724db239420701dbbb10.jpg',NULL),(74,'Laptop HP 15s-fq2663TU 6K796PA (i3-1115G4/4GB/256GB SSD/15.6/ VGA ON/ Win11/ Silver)-Hàng Chính Hãng',4,1,9620000,1000,0,NULL,'0aa4acc1717e43210ebed92073d01e12.png',NULL),(75,'Laptop Dell Alienware M15 R6 P109F001CBL (Core i7-11800H/ 32GB/ 1TB SSD/ RTX 3060/ 15.6 QHD, 240Hz, G-SYNC/ Win11 + Office) - Hàng Chính Hãng',8,1,49990000,1000,0,NULL,'58c41a95606dd87c58f20333fdec8ce1.jpg',NULL),(76,'Laptop MSI Creator M16 A12UC-291VN | I7-12700H Gen 12 | 16GB DDR4 | SSD 512 GB PCle | VGA RTX 3050 4GB | 16.1 WQHD 2K | Win11| Black) - Hàng Chính Hãng',1,1,35490000,1000,0,NULL,'df89a57f3964ea8fa32cec3de2ba01bc.JPG',NULL),(77,'Laptop HP 240 G8 617M3PA (i3-1005G1/4GB/256GB SSD/14HD/VGA ON/WIN11/Silver) - Hàng Chính Hãng',4,1,9320000,1000,0,NULL,'8e7c0a0b01aa419067d17beeaf500f77.png',NULL),(78,'Laptop Asus ROG Strix G15 G513RC-HN038W (R7-6800H/8GB/512GB/RTX 3050 4GB/15.6-inch FHD/Win 11/Eclipse Gray)-Hàng chính hãng',3,1,26990000,1000,0,NULL,'6d91e9985bc5e1e78c1a6c263de0eee5.jpg',NULL),(79,'Laptop Acer Nitro 5 Eagle AN515-57-54MV (Core i5-11400H/ 8GB/ 512GB SSD/ RTX 3050 4GB/ 15.6 FHD IPS, 144Hz/ Win11) - Hàng Chính Hãng',2,1,22020000,1000,0,NULL,'2dd7f6760ae4f8f2cbc5f22d027ddaf7.png',NULL),(80,'Laptop MSI Gaming Katana GF66 11UE-824VN (I7-11800H Gen 11th | 16GB DDR4 | SSD 512GB PCle | VGA RTX 3060 6GB | 15.6 FHD IPS 144Hz | Win10| Black) - Hàng Chính Hãng',1,1,35990000,1000,0,NULL,'d7c3f4bc7d6a6033d6343ac3a34c5612.png',NULL),(82,'Laptop Lenovo IdeaPad Gaming 3 15ARH7 82SB007MVN (R7-6800H | 16GB | 512GB | GeForce RTX 3050Ti 4GB | 15.6 FHD 120Hz) Hàng chính hãng',5,1,27290000,1000,0,NULL,'9a1feb695cbc2a85c46a29cfaa2d2083.jpg',NULL),(83,'Laptop MSI Gaming Katana GF66 11UD-696VN (I7-11800H Gen 11th | 8GB DDR4 | SSD 512GB PCle | VGA RTX 3050Ti 4GB | 15.6 FHD IPS 144Hz | Win10| Black) - Hàng Chính Hãng',1,1,30990000,1000,0,NULL,'d7308f6afb8ff81d3425c03a259abacf.png',NULL),(84,'Laptop MSI GS77 12UH-075VN (i9-12900H Gen 12th | 32GB DDR5 4800MHz | SSD 2TB PCle | VGA RTX 3080 8GB | 17.3 QHD IPS 240Hz | Win11) - Hàng Chính Hãng',1,1,89990000,1000,0,NULL,'b855f6c287e7f13a9492ef7b9e964b6b.png',NULL),(85,'Acer Nitro 5 AN515 57 5669 i5 11400H/8GB/512GB/4GB GTX1650/15.6F/144Hz/Win11/(NH.QEHSV.001)/Đen - Hàng chính hãng',2,1,20520000,1000,0,NULL,'498923524f1bdd083405c6ea166750b8.png',NULL),(87,'Laptop Acer Nitro 5 Tiger AN515-58-52SP (Core i5-12500H/ 8GB/ 512GB SSD/ RTX 3050/ 15.6 FHD IPS, 144Hz/ Win11) - Hàng Chính Hãng',2,1,26000000,1000,0,NULL,'8510e556b4ed77ded2d10f67460d8341.jpg',NULL),(88,'Laptop Acer Nitro 5 AN515-58-52SP i5-12500H/8GB/512GB/Win11 (NH.QFHSV.001) - Hàng chính hãng',2,1,23990000,1000,0,NULL,'9996e46596af22a75081387bc762fcf7.jpg',NULL),(89,'Laptop gaming LENOVO IdeaPad 3 15IHU6 i5-11300H|8G|512G|15.6FHD-120Hz|RTX3050Ti|W11',5,1,22590000,1000,0,NULL,'e012d968fa07471fd97909ca3a1ed15a.jpg',NULL),(90,'Laptop MSI Vector GP66 12UGS 422VN (I7-12700H Gen 12 | 16GB DDR4 | SSD 1TB PCle | VGA RTX 3070Ti 8GB | 15.6 QHD IPS 165Hz | Win11 |Black) - Hàng Chính Hãng',1,1,55990000,1000,0,NULL,'b5a9fc1809f73a30b5a641c2b1744f7e.png',NULL),(91,'Laptop MSI Summit E16 Flip A11UCT-030VN (i7 1195G7/16GB RAM/1TB SSD/16.0 inch QHD Touch/RTX 3050 4G/Win10/ Black) - Hàng Chính Hãng',1,1,46990000,1000,0,NULL,'0e1b03c8446a7c07196126eb17704028.png',NULL),(92,'Laptop MSI Gaming Alpha 17 B5EEK-031VN (R7-5800H/8GB/512GB PCIE/VGA 8GB RX6600M/17.3 FHD 144HZ/WIN11/Black) - Hàng Chính Hãng',1,1,35490000,1000,0,NULL,'a027a0b5be5b1597b4237f65bf77f8c1.png',NULL),(94,'Laptop HP VICTUS 16-d1187TX (7C0S4PA) (i7-12700H | 8GB | 512GB | GeForce RTX 3050Ti 4GB | 16.1 FHD 144Hz | Win 11) Hàng chính hãng',4,1,32490000,1000,0,NULL,'5d70c9c4e7560682dee3a93a1ebe4a64.jpg',NULL),(95,'Laptop HP 340S G7 i3-1005G1/8GB/512GB/Win10 224L0PA - Hàng chính hãng',4,1,9790000,1000,0,NULL,'d3f16b59da69441cbf534a7de921762d.jpg',NULL),(96,'Laptop Lenovo Legion 5 15ARH7 82RE002WVN |R5-6600H|16GB|512 SSD|RTX 3050 Ti|Win11 - Hàng chính hãng',5,1,26198400,1000,0,NULL,'5556ea6e2715bb5fef58d603c6375aeb.jpg',NULL),(97,'Laptop Acer Nitro 5 Tiger AN515-58-52SP i5-12500H|8GB|512GB|RTX 3050 4GB|15.6 144Hz Hàng chính hãng',2,1,24390000,1000,0,NULL,'53865c910a93e9fa5df726021f1270bd.jpg',NULL),(98,'Laptop HP VICTUS 16-e1107AX (7C140PA) (R5-6600H | 8GB | 512GB | GeForce RTX 3050 4GB | 16.1 FHD 144Hz | Win 11) Hàng chính hãng',4,1,24990000,1000,0,NULL,'41e29d4f95cf7208c0c82e12ae22df69.jpg',NULL),(99,'Laptop Lenovo Ideapad Gaming 3 15IMH05 i7 10750H/8GB/512GB/4GB GTX1650Ti/120Hz/Win10 (81Y4013UVN) - Hàng chính hãng',5,1,20490000,1000,0,NULL,'f94cce5dd82f3452b65740c53b7c57f3.jpg',NULL),(100,'Laptop Acer Gaming Nitro 5 AN515-57-71VV (NH.QENSV.005) (i7 11800H/8GB Ram/512GB SSD/RTX3050 4G/15.6 inch FHD 144Hz/Win 11/Đen) - Hàng chính hãng',2,1,23300000,1000,0,NULL,'8fcb385c8ed8234be5e2cff1daa76174.jpg',NULL),(101,'Laptop MSI Katana GF66 12UCK-804VN (i7-12650H/8GB/512GB SSD/RTX 3050 4GB/15.6 FHD/Win11/Balô/Black) Hàng chính hãng',1,1,25990000,1000,0,NULL,'329f206a492f7bc62779491a1a8653b8.png',NULL),(102,'Laptop Lenovo Legion 5 15IAH7H 82RB0048VN (i5-12500H | 16GB | 512GB | GeForce RTX 3060 6GB | 15.6 WQHD 165Hz 100%) Hàng chính hãng',5,1,38490000,1000,0,NULL,'834912ec6184dee9764f24355fe20812.jpg',NULL),(103,'Laptop Lenovo IdeaPad 5 Pro 14ARH7 82SJ0028VN (R7-6800HS | 16GB | 512GB | AMD Radeon 680M Graphics | 14 2.8K 90Hz) Hàng chính hãng',5,1,23090000,1000,0,NULL,'136b412c4adb12cfc464bb49abe21261.jpg',NULL),(104,'Laptop Acer Nitro 5 Eagle AN515-57-720A (Core i7-11800H/ 8GB DDR4 3200MHz/ 512GB SSD M.2 PCIE/ RTX 3050Ti 4GB GDDR6/ 15.6 FHD IPS, 144Hz/ Win11) - Hàng Chính Hãng',2,1,24900000,1000,0,NULL,'dfa42fc012e1c6c824b43969b6cc228e.png',NULL),(105,'Laptop ASUS TUF Dash F15 FX517ZM-HN480W (i7-12650H | 8GB | 512GB | GeForce RTX 3060 6GB | 15.6′ FHD 144Hz | Win 11) - Hàng Chính Hãng',3,1,29490000,1000,0,NULL,'46f6b00891fdf641a75c9f8fa619d6fa.PNG',NULL),(106,'Laptop MSI Gaming Alpha 15 B5EEK-203VN (Ryzen 5 5600H/8GB RAM/512GB SSD/15.6 inch FHD 144Hz/RX6600M 8GB/Win11/Black) - Hàng Chính Hãng',1,1,32490000,1000,0,NULL,'e47784564ecafb1f6b7358f3ceea99c3.png',NULL),(107,'Laptop Acer Nitro Gaming AN515-58-769J i7 12700H/8GB/512GB/15.6FHD/GeForce RTX 3050 4GB/Win11 - Hàng Chính Hãng',2,1,28720000,1000,0,NULL,'98604bb4e11ac677bece857080aa39de.jpeg',NULL),(108,'Laptop Gigabyte G5 ME-51VN263SH (i5-12500H | 8GB | 512GB | GeForce RTX 3050Ti 4GB | 15.6′ FHD 144Hz | Win 11) - Hàng Chính Hãng',7,1,26490000,1000,0,NULL,'336482caca4c813bb11d51caf5610594.png',NULL),(109,'Laptop HP Victus 16-d1191TX (7C0S5PA) (i5-12500H | 16GB | 512GB | GeForce RTX 3050Ti 4GB | 16.1 FHD 144Hz | Win 11) Hàng chính hãng',4,1,27090000,1000,0,NULL,'9deb5917c96a54e00b8f88dfa81c77d8.jpg',NULL),(110,'Apple MacBook Pro 2022 13 inch (Apple M2 - 8GB/ 256GB) - MNEH3SA/A',10,1,30490000,1000,0,NULL,'766970298e7c1f74d8067426d2246029.jpg',NULL),(111,'Apple Macbook Air 2022 13.6 inch (Apple M2 - 16GB/ 256GB) - Z15Y00051',10,1,32990000,1000,0,NULL,'5f3c9a7499bc976b932ef8cbd58c0282.jpg',NULL),(112,'Apple Macbook Air 2020 13 inch (Apple M1 - 8GB/ 256GB) - MGND3SA/A',10,1,20490000,1000,0,NULL,'1d977cb23133c625f0baf7f4326cf523.jpg',NULL),(113,'BỘ CỔNG CHUYỂN HYPERDRIVE GEN2 16-IN-1 THUNDERBOLT 3 DOCKING STATION VÀ BỘ NGUỒN DC 180W CHO MACBOOK/CHROM/PC/LAPTOP (HD-G2TB3) - HÀNG CHÍNH HÃNG',11,3,9891000,1000,0,NULL,'f77902455dab5bec502cf500573bdffe.jpeg',NULL),(114,'CỔNG CHUYỂN HYPERDRIVE GEN2 16-IN-1 THUNDERBOLT 3 DOCKING STATION KIÊM BỘ NGUỒN DC 180W CHO MACBOOK/CHROM/PC/LAPTOP HD-G2TB3 - Hàng Chính Hãng',11,3,10590000,1000,0,NULL,'24b16a0e42253b0711cca496bbea06bd.jpg',NULL),(115,'Cổng Chuyển HYPERDRIVE GEN2 18-IN-1 For Macbook / Ipad Pro 2018-2020 PC & DEVICES (G218) - HÀNG CHÍNH HÃNG',11,3,4990000,1000,0,NULL,'6e1df9abcaeb0492c52c3238cac31843.jpg',NULL),(116,'Cổng chuyển HyperDrive Gen2 18-in-1 for Macbook, Ipad Pro 2018-2020, PC & Devices (HD-G218)  Hàng chính hãng.',12,3,4990000,1000,0,NULL,'c7828d40fe33f7a9af63a9aafd1466ab.jpg',NULL),(117,'CỔNG CHUYỂN HYPERDRIVE DUAL 4K HDMI 10-IN-1 (2 MÀN HÌNH) USB-C HUB DÀNH CHO MACBOOK M1 HDM1H - HÀNG CHÍNH HÃNG',11,3,4900000,1000,0,NULL,'45b92bce88530dd5a0ecb2221614a51c.jpeg',NULL),(118,'CỔNG CHUYỂN HYPERDRIVE DUAL 4K HDMI 10-IN-1 (2 MÀN HÌNH) USB-C HUB FOR MACBOOK M1 HDM1H - Hàng Chính Hãng',11,3,4900000,1000,0,NULL,'82aea8908ceec4fe3ea3b1f89790381a.jpg',NULL),(119,'Cổng Chuyển/Hub USB-C Hyperdrive Dual 4K HDMI 10in1 (2 màn hình) Dành Cho Macbook M1 - Hàng Chính Hãng',12,3,4690000,1000,0,NULL,'ff2da10cb3e8798bb39d806fa5dd6852.jpg',NULL),(120,'SẠC DỰ PHÒNG HYPERJUICE 130W USB-C CHO MACBOOK VÀ TẤT CẢ CÁC LAPTOP/THIẾT BỊ SỬ DỤNG SỬ DỤNG CỔNG USB-C - Hàng Chính Hãng',11,3,4690000,1000,0,NULL,'73bd62d1f21901347d6aa378da8b2503.jpg',NULL),(121,'Cổng chuyển HyperDrive Gen2 18 in 1 USB-C cho Macbook, iPad Pro 2018/2020, PC & Devices - G218- Hàng chính hãng',11,3,4690000,1000,0,NULL,'aea2b9b7c9529122c0316aa4b95ea74e.jpg',NULL),(122,'CỔNG CHUYỂN HYPERDRIVE GEN2 18-IN-1 FOR MACBOOK, IPAD PRO 2018-2020, PC & DEVICES (G218) CHÍNH HÃNGGG',13,3,4690000,1000,0,NULL,'90a7ed24b5f40d6118c6e29f7815aa2f.png',NULL),(123,'Củ sạc nhanh 200W UGREEN CD271 40913 Đầu ra 6 cổng sạc nhanh GaN PD Sạc được cho macbook Pro/Air, iPad Pro/Mi ...- Hàng Chính Hãng',14,3,4590000,1000,0,NULL,'544762eb5424c84cd33a3cf381f6e1cc.png',NULL),(124,'Cổng Chuyển HyperDrive Gen2 18-IN-1 For Macbook, Ipad Pro 2018-2020, PC & Devices (G218)-Chính hãng',11,3,4690000,1000,0,NULL,'3d28b0a0b3c5b53c36bff1d9beefc7be.png',NULL),(125,'CỔNG CHUYỂN HYPERDRIVE FOR MACBOOK M1 DUAL 4K HDMI 10-IN-1 (2 MÀN HÌNH) USB-C HUB HDM1H - HÀNG CHÍNH HÃNG',11,3,4099000,1000,0,NULL,'afe3622703871021c6b89fe393a47091.jpg',NULL),(126,'Hyperdrive Gen2 12-In-1 For Macbook, Ipad Pro 2018-2020, PC & Devices (G212)-chính hãng',11,3,3690000,1000,0,NULL,'670deb8d2480faf62dc7843e72890535.jpg',NULL),(127,'CỔNG CHUYỂN HYPERDRIVE GEN2 12-IN-1 CHO MACBOOK, IPAD PRO 2018-2020, PC & DEVICES (G212) - Hàng Chính Hãng',11,3,3501000,1000,0,NULL,'0db823a74a55ce0b68e8e2a23319bb73.jpg',NULL),(128,'Cổng Chuyển Hyperdrive Dual 4K HDMI ( 2 Màn Hình) USB-C Hub For Macbook M1 HDM1- Hàng Chính Hãng',11,3,3500000,1000,0,NULL,'ce79eb06fa56f42c2feedcaab2093bd4.jpg',NULL),(129,'Cổng chuyển HyperDrive Gen2 12 in 1 USB-C Hub cho Macbook, iPad Pro 2018/2020, PC & Devices - G212-Hàng chính hãng',11,3,3390000,1000,0,NULL,'d591b472f2fd7c3dd3f136c58cc7f8a8.jpg',NULL),(130,'Cổng Chuyển Hyperdrive Ultimate USB-C Hub Cho MacBook Pro, PC & Devices - Hàng Chính Hãng',11,3,3290000,1000,0,NULL,'27a23a3997f0bb502d041c5ea14d5585.jpg',NULL),(131,'Đế chuyển đổi Type-C sang cổng USB 3.0  + Thẻ SD / TF đọc + Gigabit Lan + Audio (mic + tai nghe) + VGA + HDMI + DVI, Type-C cho Macbook màu Bạc Ugreen TC40373MM131 Hàng chính hãng.',14,3,3209000,1000,0,NULL,'90cf1519606352e23a24e7b6ef03e577.jpg',NULL),(132,'Cổng Chuyển HYPERDRIVE GEN 2 12-IN-1 For MACBOOK, IPAD PRO 2018-2020, PC & DEVICES (G212) - HÀNG CHÍNH HÃNG',11,3,3690000,1000,0,NULL,'07dc704a2b9b00b1edea9ba2d8a0c46f.jpg',NULL),(133,'Balo WiWU Backpack 30L Larger Capacity Dành Cho Laptop, Macbook Thiết Kế Cao Cấp Nhiều Ngăn Túi Tiện Lợi - Hàng Chính Hãng',15,3,3115000,1000,0,NULL,'7025c52d77706a79f4729abd840aa81e.PNG',NULL),(134,'Bộ chuyển đổi đa năng USB type-C cho Macbook Ugreen 40373 cao cấp - Hàng Chính Hãng',14,3,3190000,1000,0,NULL,'a82142d692edb5f1f0fd3fbae595b39c.jpg',NULL),(135,'Điện thoại Samsung Galaxy A73 5G (8GB/128GB) - Hàng chính hãng',16,2,9259000,1000,0,NULL,'d52228ced82838e1ad0d0bdc1b914242.jpg',NULL),(136,'Điện Thoại Oppo A55 (4GB/64GB) - Hàng Chính Hãng',17,2,3590000,1000,0,NULL,'2a0e5c3f718d20d998cd13ccc84864b0.jpg',NULL),(137,'Điện Thoại Samsung Galaxy M32 (8GB/128GB) - Hàng Chính Hãng - Đã kích hoạt bảo hành điện tử',16,2,4110000,1000,0,NULL,'1afcfdb363fd6837c6ca313ff1b2076c.jpg',NULL),(138,'Điện thoại Samsung Galaxy Z Flip 4 (8GB/128GB) - Hàng chính hãng',16,2,16990000,1000,0,NULL,'ebd11992c962a5e63d0b148b78cfee9d.png',NULL),(139,'Điện thoại Xiaomi Redmi Note 11 (4GB/128GB) - Hàng chính hãng',18,2,4090000,1000,0,NULL,'e705d424f730e20fe8e4a0d76dfbea4b.jpg',NULL),(140,'Điện thoại Xiaomi Redmi 9A (2GB/32GB) - Hàng chính hãng',18,2,1939000,1000,0,NULL,'b5f298fba4538c309cc4e0c6889b2297.jpg',NULL),(141,'Điện thoại Gaming Tecno POVA 4 PRO 8GB/128GB - Media Tek G99 | 6000 mAh | Sạc nhanh 45W - Hàng Chính Hãng',19,3,4490000,1000,0,NULL,'caa24bf38721f9b9ea0e10ad8ee9e35b.png',NULL),(142,'Điện Thoại Oppo A16k (3GB/32G) - Hàng Chính Hãng - Xanh thời thượng',17,2,2600000,1000,0,NULL,'f3793099025547b24be378b165c8b839.jpg',NULL),(143,'Điện Thoại Oppo Reno 7 5G (8GB/256G) - Hàng Chính Hãng',17,2,7490000,1000,0,NULL,'39a8bae7367459bde5c287eb9902f9c9.jpg',NULL),(144,'Điện Thoại Nokia C30 (2GB/32GB) - Hàng Chính Hãng',20,2,1669000,1000,0,NULL,'696c5f6aa4810d0ed3cb8b354010c60f.jpg',NULL),(145,'Điện thoại Xiaomi Redmi 10 (4GB/128GB) - Hàng chính hãng',18,2,3579000,1000,0,NULL,'8466dc534506538cc7353e9df55cba1a.jpg',NULL),(147,'Điện Thoại Samsung Galaxy A03s (3GB/32GB) - Hàng Chính Hãng - Đã kích hoạt bảo hành điện tử',16,2,1990000,1000,0,NULL,'13195b09fa74b50051e8fe5ba4024c02.jpg',NULL),(148,'Điện thoại thông minh itel A26 - giá rẻ | 2 Sim 2 Sóng 4G LTE | Màn hình IPS 5.7 HD+ | RAM 2GB + ROM 32 GB (Hỗ trợ thẻ nhớ 32 GB) | Mở khoá bằng Gương Mặt | Chính Hãng bảo hành 12 tháng| 1 đổi 1 trong 30 ngày',21,2,1199000,1000,0,NULL,'6139c593b35e21be17feb5869d173f6a.jpg',NULL),(149,'Điện thoại Samsung Galaxy A13 (4GB/128GB) - Hàng chính hãng',16,2,3790000,1000,0,NULL,'3aaaee95221be40d932ed082043550bb.jpg',NULL),(150,'Điện thoại Samsung Galaxy A04s (4GB/64GB) - Hàng chính hãng',16,2,3390000,1000,0,NULL,'72bb9f75d23ec25c66ae61a3ea280444.png',NULL),(151,'Điện Thoại Samsung A53 5G 8GB/128GB - Hàng Chính Hãng',16,2,7449000,1000,0,NULL,'5cca0a22daf3d357658c2e23c4154444.jpg',NULL),(152,'Điện thoại Xiaomi Redmi Note 11 (4GB/64GB) - Hàng chính hãng',18,2,3949000,1000,0,NULL,'da92e43522d1b62b3042aae66e859e7f.jpg',NULL),(153,'Điện thoại Gaming Tecno POVA 3 (6GB)/128GB - Helio G88 | 7000 mAh | Sạc nhanh 33W - Hàng Chính Hãng',19,3,3990000,1000,0,NULL,'6d82d82d2f2e89a4193538374f0b8657.jpg',NULL),(154,'Điện Thoại Xiaomi Redmi Note 10S (8GB-128GB) - Hàng Chính Hãng',18,2,4650000,1000,0,NULL,'3a150df6e2a671bf41ccfff032294b74.jpg',NULL),(155,'Điện thoại Samsung Galaxy A32 (6GB/128GB) - Hàng Chính Hãng - Đã kích hoạt bảo hành điện tử',16,2,4810000,1000,0,NULL,'d06048feb13a8ff14655840cd073eb36.jpg',NULL),(156,'Điện thoại Samsung Galaxy A53 5G (8GB/128GB) - Hàng chính hãng - ĐÃ KÍCH HOẠT BẢO HÀNH ĐIỆN TỬ',16,2,7415000,1000,0,NULL,'00d0bcb036d01f4d916fc4ff5e0e2f8e.jpg',NULL),(158,'Điện Thoại OPPO RENO8 Z 5G (8GB/256GB) - Hàng Chính Hãng',17,2,10490000,1000,0,NULL,'59cb74d5d368574b54fd2b4d7bb63501.jpg',NULL),(159,'Điện Thoại Samsung Galaxy S20 FE 256GB | 8GB - Hàng Chính Hãng',16,2,9950000,1000,0,NULL,'7ec6ad5943179c4b2ad5ae8b79798599.jpeg',NULL),(160,'Điện Thoại Oppo Reno 7Z 5G (8GB/128G) - Hàng Chính Hãng',17,2,6790000,1000,0,NULL,'66a32798ccdd655549299d9afa319983.jpg',NULL),(161,'Điện Thoại Samsung Galaxy A33 5G (6GB/128GB) - Hàng Chính Hãng - Đã kích hoạt bảo hành điện tử',16,2,5969000,1000,0,NULL,'e216e38d577861aa487763c4d720e65f.jpg',NULL),(162,'Điện Thoại Xiaomi Redmi 10 4GB/128GB - Hàng Chính Hãng',18,2,3523000,1000,0,NULL,'0085b144d5d756ff01b01a53a01da19a.jpg',NULL),(163,'Điện thoại Nokia G11 Plus - Hàng Chính Hãng',20,2,3190000,1000,0,NULL,'b9997e515eca0d6ed7b85eb3c9d22d92.png',NULL),(164,'Điện Thoại Samsung Galaxy A03s (4GB/64GB) - Hàng Chính Hãng - Đã kích hoạt bảo hành điện tử',16,2,2750000,1000,0,NULL,'237623690b9e67bd8378974c025004b9.jpg',NULL),(165,'Điện thoại Nokia 5710',20,2,1690000,1000,0,NULL,'d71aef9dc2e81cef02bf2c6315d0fbc4.png',NULL),(166,'Điện Thoại OPPO RENO8 Pro (12GB/256GB) - Hàng Chính Hãng (Pre Order',17,2,16990000,1000,0,NULL,'de511ea92f293ce5a42d475b9834a859.jpg',NULL),(167,'Điện Thoại Oppo Reno 7 4G (8GB/128G) - Hàng Chính Hãng',17,2,5850000,1000,0,NULL,'48b7d8714730c506813e35c74e3a2616.jpg',NULL),(168,'Điện thoại Gaming Tecno POVA 4 PRO 8GB/256GB - MTK G99| 6000 mAh | Sạc nhanh 45W - Hàng Chính Hãng',19,3,5490000,1000,0,NULL,'a3a5fcf7b719d4f1848c53b0091a4570.png',NULL),(169,'Điện Thoại Nokia C20 2GB/16GB - Hàng Chính Hãng',20,2,1635000,1000,0,NULL,'1b77d5d22fa3a0b8d1dae075bfa1e749.jpg',NULL),(170,'Điện thoại XIAOMI POCO X4 GT 8+128GB/8+256GB | MediaTek Dimensity 8100 | Sạc nhanh 67W - Hàng chính hãng',18,3,8490000,1000,0,NULL,'19ae8bc1b17d9a6f6357d92e7f2ee93d.jpg',NULL),(171,'Điện thoại Xiaomi Redmi Note 10S (8GB/128GB) - Hàng chính hãng',18,2,4690000,1000,0,NULL,'a9a8ff057070d9384a22fc2bc11d778e.jpg',NULL),(172,'Điện thoại Samsung Galaxy A53 5G (8GB/128GB) - Hàng chính hãng',16,2,7750000,1000,0,NULL,'af10e7a4e81acc2112d0fbe7e4e094f9.png',NULL),(173,'Điện thoại Xiaomi Redmi Note 11S (8GB/128GB) - Hàng chính hãng',18,2,5732000,1000,0,NULL,'69e19e5f6f1798cb4ea13e940c04e1bf.jpg',NULL),(174,'Điện thoại Samsung Galaxy A23 (4GB/128GB) - Hàng chính hãng - Đã kích hoạt bảo hành điện tử',16,2,4550000,1000,0,NULL,'e214f16e4391c0620ce5c37fc53ee685.jpg',NULL),(175,'Điện thoại Xiaomi Redmi 10A (2GB/32GB) - Hàng chính hãng',18,2,2289000,1000,0,NULL,'850b5bc473bf058c23bc18fc48c6c8ae.jpg',NULL),(176,'Điện Thoại Nokia C20 2GB/32GB - Hàng Chính Hãng',20,2,1750000,1000,0,NULL,'c4186b8f275dde216e8fe3c6c9dcde00.jpg',NULL),(177,'Điện Thoại Oppo A17 (4GB/64GB) - Hàng Chính Hãng',17,2,3630000,1000,0,NULL,'f61ba38250f4004913ec850323eaad6c.jpg',NULL),(178,'Điện Thoại Samsung A03 3GB/32GB - Hàng Chính Hãng',16,2,2279000,1000,0,NULL,'32613cf95f268fee2115224546d9ee95.jpg',NULL),(181,'Điện thoại Samsung Galaxy A23 (4GB/128GB) - Hàng chính hãng',16,2,4990000,1000,0,NULL,'a920be57f165160addecb72f24acd799.jpg',NULL),(182,'Điện thoại Vivo T1X (8GB/128GB) - Hàng Chính Hãng',22,2,4490000,1000,0,NULL,'fa830b33cfce384909bb6b4d284b3c81.jpg',NULL),(183,'Điện Thoại Samsung A03 Core 2GB/32GB - Hàng Chính Hãng',16,2,1939000,1000,0,NULL,'621d0660dbffdb8450b18f37772b660e.jpg',NULL),(184,'Điện thoại Gaming Tecno POVA 4 PRO 8GB/128GB - Media Tek G99 | 6000 mAh | Sạc nhanh 45W - Bảo hành 13 Tháng - Hàng Chính Hãng',19,3,4690000,1000,0,NULL,'7ef9e4c9c2733414b87e42da87c34d30.png',NULL),(185,'Điện thoại Realme Narzo 50i Prime (4GB/64GB) - Hàng Chính Hãng',23,2,2299000,1000,0,NULL,'9b2363dd18430d5179e19d35799b1dae.jpg',NULL),(186,'Điện Thoại Samsung A13 4GB/128GB - Hàng Chính Hãng',16,2,3429000,1000,0,NULL,'6198cbf5a236ea4a1e932626100b22c6.jpg',NULL),(187,'Điện thoại Nokia C31 - Hàng Chính Hãng',20,2,2290000,1000,0,NULL,'38c79f96e2a9a7a33d9bd09681cad42b.jpg',NULL),(188,'Điện thoại Xiaomi Redmi 10C (4GB/128GB) - Hàng chính hãng',18,2,3090000,1000,0,NULL,'4da22f2a28a10cdc4f10d41fefe8c5e2.jpg',NULL),(189,'Điện thoại Samsung Galaxy A33 5G (6GB/128GB) - Hàng chính hãng',16,2,5929000,1000,0,NULL,'511dc8f6982124028cc8122da6cd7494.jpg',NULL),(190,'Điện thoại Samsung Galaxy S21 FE 5G (8GB/128GB) - Hàng chính hãng',16,2,10490000,1000,0,NULL,'34f521ead719f4f881a226ebfa2e2bc7.jpg',NULL),(191,'Điện Thoại Oppo Reno 5G (8GB/128G) - Hàng Chính Hãng',17,2,5790000,1000,0,NULL,'4fabafdb5e19e27317023dce57b87c00.jpg',NULL),(192,'Điện Thoại Smartphone KXD EL D68 3GB/32GB - Hàng chính hãng',21,2,1299000,1000,0,NULL,'144ab2b0c547c54f61a76f908fdf95d8.jpg',NULL),(194,'Điện thoại POCO M5 4GB+64GB/6GB+128GB | Pin 5000mAh | MediaTek Helio G99 | Sạc nhanh 18W - Hàng chính hãng',18,3,3990000,1000,0,NULL,'3c2a4d1e06b7e135850ece8ef355e0b8.jpg',NULL),(195,'Điện thoại Samsung Galaxy S22 Ultra 5G (12GB/256GB) - Hàng Chính Hãng',16,2,24990000,1000,0,NULL,'b8a014d33d5b1d28b73f7d7dfd3330ea.png',NULL),(196,'Giá Đỡ Điện Thoại Trên ô tô - Kẹp Điện Thoại Xem Bản Đồ Cho Xe Hơi Cavara CV14',24,3,159000,1000,0,NULL,'517edd490c4ae7dba64f2c94fb0086db.jpg',NULL),(198,'Điện thoại OPPO Reno8 4G (8GB/256GB) - Hàng chính hãng',17,2,8090000,1000,0,NULL,'958a664b81f0247bf3cc467211de9e87.jpg',NULL),(199,'Giá Đỡ Để Bàn Điện Thoại Di Động, Máy Tính Bảng Hợp Kim Nhôm Cao Cấp - 02 Vị Trí Điều Chỉnh Góc Nhìn Helios',25,3,149000,1000,0,NULL,'9f5289127506eb2eb49bf41db40e8a86.jpg',NULL),(200,'Điện Thoại Samsung Galaxy A73 5G (8GB/128GB) - Hàng chính hãng - ĐÃ KÍCH HOẠT BẢO HÀNH ĐIỆN TỬ',16,2,8490000,1000,0,NULL,'70f3108f9d7fce458aed9d6f74b25fa8.png',NULL),(201,'Điện thoại Samsung Galaxy A13 (4GB/64GB) - Hàng chính hãng - Đã kích hoạt bảo hành điện tử',16,2,3290000,1000,0,NULL,'263c611491a05d0b373266f936b36fa6.jpg',NULL),(203,'Nạp tiền điện thoại Vinaphone 10K',26,3,10000,1000,0,NULL,'be9fb981fde98c7e9c9cf49d9a0d6bae.png',NULL),(204,'Điện Thoại Oppo A57 (4GB/64GB) - Hàng Chính Hãng',17,2,3650000,1000,0,NULL,'e96e2035f72c97c218ba9917f4e6d5ca.jpg',NULL),(205,'Điện Thoại Oppo Reno 6 5G (8GB/128G) - Hàng Chính Hãng',17,2,6850000,1000,0,NULL,'94b9bfb35bc3975f81bd10f00f60c5e1.jpg',NULL),(206,'Điện thoại Gaming Tecno POVA 3 (6+5GB)/128GB-Helio G88|7000 mAh|Sạc nhanh 33W-Hàng Chính hãng',19,3,3890000,1000,0,NULL,'206f758c16c86068f3e9b28b2cea219f.png',NULL),(207,'Điện thoại Samsung Galaxy A03 (3GB/32GB) - Hàng chính hãng',16,2,2309000,1000,0,NULL,'b22733e66028d1f13fc7b098efecb4cb.jpg',NULL),(208,'Điện thoại Nokia C21 Plus (2GB/32GB) - Hàng chính hãng',20,2,1821800,1000,0,NULL,'2cd23ff842c4c5acf7cee7f99f796cac.jpg',NULL),(209,'Điện thoại Tecno Pova Neo 4G/64GB - Pin 6000 mah - Màn 6.82 - Hàng chính hãng',19,2,2549000,1000,0,NULL,'ba5c297a51cf99c04507b375f22027e2.jpg',NULL),(210,'Điện thoại Samsung Galaxy Z Flip 4 (8GB/256GB) - Hàng chính hãng',16,2,18990000,1000,0,NULL,'f49e24b6aa8974c0025bb5026342ed7b.png',NULL),(212,'Điện thoại Nokia 110 4G - Hàng chính hãng',20,2,779000,1000,0,NULL,'8707396c60c5d6e2e6aabbe8a21f2472.png',NULL),(213,'Giá Đỡ Để Bàn Điện Thoại Di Động, Máy Tính Bảng, Ipad Mini. Chất Liệu Hợp Kim Nhôm Cao Cấp. Hàng Chính Hãng Tamayoko',27,3,129000,1000,0,NULL,'9753dfb8f6547015952089e2c8da5713.png',NULL),(214,'Nạp tiền điện thoại Vinaphone 50k',26,3,48500,1000,0,NULL,'d59654215e6a81f7e8e824fe6c59e088.png',NULL),(215,'Điện thoại Samsung Galaxy A03s (4GB/64GB) - Hàng chính hãng',16,2,2829000,1000,0,NULL,'b04ed996861098bc7e14b01530a05130.jpg',NULL),(216,'Giá đỡ Điện thoại Để bàn cho iPad, Máy tính bảng Chất liệu Hợp Kim Nhôm Cao cấp Có thể Gấp gọn Siêu di động Mã C184 - Hàng Chính Hãng',28,2,215000,1000,0,NULL,'dda90816bb5f741ee417f8a01470865f.jpg',NULL),(217,'Củ Sạc Điện Thoại 30W 1 Cổng USB Và 1 Type-C PD 18W RAVPower RP-PC132 - Hàng Chính Hãng',29,3,399000,1000,0,NULL,'e62fadd68cb9ecfb843bba9cfd800bf0.png',NULL),(218,'Micro Bluetooth không dây Karaoke hút âm siêu nhẹ cao cấp PKCB cho điện thoại  - Hàng Chính Hãng',30,3,1295000,1000,0,NULL,'618d37442ee4c8205a449e9edc208346.png',NULL),(219,'Điện Thoại Samsung Galaxy Z Flip 4 (8GB/128GB) - Hàng Chính Hãng - Đã kích hoạt bảo hành điện tử',16,2,15340000,1000,0,NULL,'b8f989da67cb051c8731137c89cff084.jpg',NULL),(220,'Hub Chuyển Đổi USB TypeC Ra Cổng Mạng Lan RJ45 1000Mbps/Gigabit Ethernet SeaSy SS88, Cổng Chuyển Đổi TypeC To Cổng Lan, Tích Hợp 3 Cổng USB 3.0, Tốc Độ Truyền 1000Mbps, Dùng Cho Macbook/Laptop/PC/Điện Thoại – Hàng Chính Hãng',31,3,246500,1000,0,NULL,'b23e55d0bac657cce681cac50105ed58.jpg',NULL),(221,'Giá Đỡ Để Bàn Điện Thoại Di Động, Máy Tính Bảng, Ipad Hợp Kim Nhôm Cao Cấp Hai Trục Xoay 180 Độ Tamayoko',27,3,369000,1000,0,NULL,'bba5a17a5be8d77aa8ba0346c4ced3d9.png',NULL),(222,'Hub chuyển đổi USB TypeC 6 trong 1 SEASY SS26, Cổng chuyển đổi HUB USB TypeC to HDMI, 1 cổng HDMI 4k UHD , 3 cổng USB 3.0, 2 khe đọc thẻ nhớ SD và TF, Kết nối nhiều thiết bị với tốc độ cao, Dùng cho Điện thoại/Laptop/PC/Macbook – Hàng chính hãng',31,3,305400,1000,0,NULL,'6be115ad7a2c4356a4f8cb4552399514.jpg',NULL),(223,'Bàn phím không dây Bluetooth Logitech K380 - Kết nối 3 thiết bị, giảm ồn, gọn nhẹ dễ mang đi, phù hợp Mac/ PC/ Laptop/ Điện thoại - Hàng chính hãng - Màu Hồng',32,3,599000,1000,0,NULL,'3619948019e0e092792a99652cc3ae5a.png',NULL),(224,'Giá Đỡ Điện Thoại, Máy Tính Bảng Hợp Kim Nhôm Có Thể Điều Chỉnh Chiều Cao Helios',25,3,149000,1000,0,NULL,'530a460ace5f062d2b0460f8b6629484.jpg',NULL),(225,'Gậy Chụp Hình Tự Sướng 3 Chân Bluetooth Hoco K07 - Hàng Chính Hãng + Tặng Kèm 1 Ghế Đỡ Điện Thoại Đa Năng T2',33,3,88000,1000,0,NULL,'ecd1542193e08b33fe5f7b538f67bdb9.jpg',NULL),(226,'Tai Nghe Điện Thoại PKCB323 Thoại Cổng 3.5mm - Hàng Chính Hãng',30,3,100000,1000,0,NULL,'fdddfe8cc9bfadbe556f0c1b45d0b18f.png',NULL),(227,'Giá Đỡ Để Bàn Điện Thoại Di Động, Máy Tính Bảng, Ipad Hợp Kim Nhôm Helios',25,3,79000,1000,0,NULL,'32eb1ace2a707f8a3cd82cbbb8c36bc4.png',NULL),(228,'Nạp tiền điện thoại Mobifone 30K',34,3,30000,1000,0,NULL,'356df52f46529e5cfdc4503294972889.png',NULL),(229,'Quạt Tản Nhiệt Điện Thoại Chơi Game MEMO DL05 Có Sò Lạnh Dành Cho Game Thủ - Hàng Nhập Khẩu',35,3,256000,1000,0,NULL,'7d4d29c4558b940f07bb3650141b9f10.jpg',NULL),(230,'Hub Chuyển Đổi USB TypeC Ra Cổng HDMI / VGA / LAN Rj45 / USB / PD/SD/TF SeaSy, Cổng Chuyển Đổi TypeC Ra HDMI 4K, Cổng VGA 1080 P, Cổng Lan Rj45, Cổng USB 3.0, Cổng Sạc PD 100W, Cổng SD/TF, Dùng Cho Macbook/Ipad/Surface/Laptop/Điện Thoại – Hàng Chính Hãng',31,3,276200,1000,0,NULL,'dc30208aa7126e8717a7482abaffd544.jpg',NULL),(231,'Giá đỡ kẹp điện thoại cho xe máy/ xe mô tô Selfiecom S-500 - Siêu cứng, chống trộm, chống rung lắc, tháo lắp dễ dàng - Hàng chính hãng',36,3,125000,1000,0,NULL,'dc7cb83bc7d282e9ffd98c4872d6cdce.png',NULL),(232,'Giá đỡ điện thoại kẹp điện thoại cao cấp 126  - Hàng Chính Hãng',30,2,89000,1000,0,NULL,'8d32c0940df86be0cadafe6813572690.jpg',NULL),(233,'Micro Bluetooth không dây Karaoke hút âm siêu nhẹ cao cấp PKCB cho điện thoại - Hàng Chính Hãng',30,3,650000,1000,0,NULL,'0ccd0f3224b18d84fa3c46547db53f8b.png',NULL),(234,'Pin sạc dự phòng Tích hợp sạc không dây HXSJ 10000mAh, Hỗ trợ sạc nhanh cổng usb 2.1A Kèm sẵn 4 đầu sạc cho các dòng điện thoại - Hàng chính hãng',37,3,316900,1000,0,NULL,'75db94c3a82582433033237b5e017537.jpg',NULL),(235,'Quạt tản nhiệt cho điện thoại Remax X3-1 chạy 2 Pin 500mAh - Sò lạnh siêu mát - Cực phẩm cho Game thủ - Hàng Chính Hãng',38,3,480000,1000,0,NULL,'7cf6d8b54ba8f56b3ea56644e6659523.jpg',NULL),(238,'Máy tính bảng Samsung Galaxy Tab S7 FE (4GB/64GB) - Hàng chính hãng -  Đã kích hoạt bảo hành điện tử',16,2,9989000,1000,0,NULL,'778415bf9de87df4e62031220ef9b400.jpg',NULL),(241,'Apple iPad 10.2-inch (9th Gen) Wi-Fi 2021',10,2,7250000,1000,0,NULL,'99190012171edee77674793a61c5a7e8.png',NULL),(242,'Apple iPhone 14 Pro Max',10,2,28490000,1000,0,NULL,'e6431984901119a1f8166cc4e579da93.png',NULL),(243,'Apple iPhone 11',10,2,10990000,1000,0,NULL,'84a16c41ac07ce50d754e44a16ecbd1c.jpg',NULL),(244,'Apple iPhone 14 Pro',10,2,26490000,1000,0,NULL,'8995e74fd95c47c4ab9ef244a5559176.png',NULL),(253,'Apple iPad Pro 11-inch M2 Wi-Fi, 2022',10,2,20490000,1000,0,NULL,'44fe328c9a95e8bbc9cb84caaf3a25cb.png',NULL),(256,'Apple iPhone 13',10,2,18140000,1000,0,NULL,'66059a54a3a139d45841d412379b1fe4.jpg',NULL),(261,'Apple iPad Air (5th Gen) Wi-Fi 2022',10,2,14990000,1000,0,NULL,'c0703cece31553f6539ff4bc02f34a4c.jpg',NULL),(263,'Apple iPhone 14 Plus',10,2,22990000,1000,0,NULL,'20cdb4e6168b995e8b7a1f031559ea18.png',NULL),(265,'Apple iPhone 14',10,2,20990000,1000,0,NULL,'0466fed7eaa6095baecd90f06419bc09.png',NULL),(266,'Máy ảnh Sony ZV-E10 + Kit 16-50mm F3.5-5.6 (ZV-E10 Awesome Edition Kit)- Hàng Chính hãng1',39,4,18390000,1000,0,NULL,'2e281ed55c53512546910d0729a88c39.png',NULL),(267,'Máy Ảnh Sony Alpha A6400 Body/Lens E PZ 16-50mm- Hàng Chính Hãng2',39,4,20379000,1000,0,NULL,'41f8cc646ac7d3111874430ebbec5c45.png',NULL),(268,'[Tặng Thẻ Nhớ 64GB] Máy Ảnh Sony ZV-1 Black - Hàng Chính Hãng3',39,4,17790000,1000,0,NULL,'4e3e35d4aca74e0c1257dd888b1fe01d.png',NULL),(269,'Máy ảnh Sony ZV-E10 + Kit 16-50mm F3.5-5.6 (ZV-E10 Awesome Edition Kit)- Hàng Chính hãng4',39,4,18390000,1000,0,NULL,'2e281ed55c53512546910d0729a88c39.png',NULL),(270,'Máy Ảnh Kỹ Thuật Số Sony ZV-1 (Hàng Chính Hãng)5',39,4,17929000,1000,0,NULL,'f421b02d8e0716cd828c6633a4c2e190.png',NULL),(271,'Máy Ảnh Sony Alpha A6400 Body/Lens E PZ 16-50mm- Hàng Chính Hãng6',39,4,20379000,1000,0,NULL,'41f8cc646ac7d3111874430ebbec5c45.png',NULL),(272,'Máy Ảnh Sony Alpha 6400 - Cảm biến APS-C | Hàng Chính Hãng7',39,4,21990000,1000,0,NULL,'90caa7b3469592490e80320b82c21c84.png',NULL),(273,'Máy Ảnh Sony Alpha A6400 - Hàng Chính Hãng - Body8',39,4,20500000,1000,0,NULL,'0c11fb6c82e9d3f4a9bf209ea7158a92.jpg',NULL),(274,'Máy Ảnh Sony Alpha A7 Mark III Body (24.2MP) - Đen - Hàng Chính Hãng9',39,4,40990000,1000,0,NULL,'91461603b697b815261a85bd260e6794.png',NULL),(275,'Máy Ảnh Sony Alpha A6400 - Hàng Chính Hãng - Body + Kit 16-55mm10',39,4,23490000,1000,0,NULL,'009de6c8bbb6228ae0f99f2d6a2b677b.jpg',NULL),(276,'(Tặng Thẻ Nhớ 64GB) Máy ảnh Sony Alpha A7 IV - Hàng Chính Hãng11',39,4,56890000,1000,0,NULL,'1a41032da4d02967660e9c61e05e2040.png',NULL),(277,'Máy ảnh Sony A7RIII Chính hãng | ILCE-7RM312',39,4,57990000,1000,0,NULL,'7fee89f505b7e3e4dd5632d9e4e106a7.jpg',NULL),(278,'Máy ảnh Sony A7C Body Đen (ILCE-7C) - hàng Chính Hãng13',39,4,39390000,1000,0,NULL,'f1b8fa68065af205960affa7d05cf213.png',NULL),(279,'Máy Ảnh Sony A7R IVA (Body) (Hàng Chính Hãng)14',39,4,87309000,1000,0,NULL,'792ba5b25171fde2466868dc0e1dafd6.png',NULL),(280,'Máy Ảnh Sony Alpha A7S III Body (ILCE-7SM3)  - Hàng Chính Hãng15',39,4,82550400,1000,0,NULL,'8b3471b968058824317266624ac9fcb8.png',NULL),(281,'[Tặng Thẻ Nhớ 64GB] Máy Ảnh Sony ZV-1 Black - Hàng Chính Hãng16',39,4,17790000,1000,0,NULL,'4e3e35d4aca74e0c1257dd888b1fe01d.png',NULL),(282,'Máy ảnh Sony ZV-E10 Kit 16-50mm F3.5-5.6 - Hàng Chính hãng17',39,4,18990000,1000,0,NULL,'83cbc7db7144a9c8761631c5c98bcbf8.jpeg',NULL),(283,'(Tặng Thẻ Nhớ 64GB) Máy ảnh Sony Alpha A7 IV - Hàng Chính Hãng18',39,4,56890000,1000,0,NULL,'1a41032da4d02967660e9c61e05e2040.png',NULL),(284,'Máy Ảnh Canon Powershot G7X Mark II – Đen – Hàng Chính Hãng19',40,4,13990000,1000,0,NULL,'9cf6d9d23b51e47e3817bd903d7c0c1f.png',NULL),(285,'Máy Ảnh Sony A7S III (Body) (Hàng Chính Hãng)20',39,4,99589000,1000,0,NULL,'c1d094c0cb7773c866d6288d72072a01.png',NULL),(286,'Máy Ảnh Sony A7R IVA (Body) (Hàng Chính Hãng)21',39,4,87309000,1000,0,NULL,'792ba5b25171fde2466868dc0e1dafd6.png',NULL),(287,'Máy ảnh Sony ILCE-7RM4A Body - Hàng Chính Hãng22',39,4,74990000,1000,0,NULL,'c6a974baf2d7c4fb81df2cdc1c651362.jpeg',NULL),(288,'Máy Ảnh Sony Alpha 7 Mark IV Body - A7M4 | Hàng Chính Hãng23',39,4,61990000,1000,0,NULL,'edb87329b90e1fe61e6899dd40847f81.png',NULL),(289,'Máy ảnh Sony A7SIII Body - Hàng Chính Hãng24',39,4,82990000,1000,0,NULL,'8de3e5cb9dffc0f5a111f082eb60758b.jpg',NULL),(290,'Máy Ảnh Sony ZV-1 - Chính Hãng25',39,4,18000000,1000,0,NULL,'29ff32d0ad34ad9cb94fb447bf03bc86.jpg',NULL),(291,'Máy Ảnh Vlog Sony ZV-1F | Black - Hàng Chính Hãng26',39,4,14690000,1000,0,NULL,'ab237cc635a68fe5debebf9d79f182c2.png',NULL),(292,'Máy Ảnh Sony ZV-1F (Hàng Chính Hãng27',39,4,14479000,1000,0,NULL,'f8d80a19df5a5dc2b0c087adbc9b59fd.jpg',NULL),(293,'Máy ảnh Sony ZV-1F đen - Hàng chính hãng28',39,4,14790000,1000,0,NULL,'d2448e86d02ab55f0b7762f3a833bb38.jpeg',NULL),(294,'Máy Ảnh Sony Alpha a6400 (Body) (Hàng Chính Hãng29',39,4,29389000,1000,0,NULL,'e9c02ac731b2c5b3fd59e4866ae00df2.png',NULL),(295,'Máy Ảnh Sony A7R IVA + FE 24mm f/2.8 G (Hàng Chính Hãng)30',39,4,99799000,1000,0,NULL,'2fa3af25a51d90d89fa7f4fd20dbf821.jpg',NULL),(296,'Máy Ảnh Sony Alpha a6400 (Body) (Hàng Chính Hãng31',39,4,29389000,1000,0,NULL,'e9c02ac731b2c5b3fd59e4866ae00df2.png',NULL),(297,'Máy ảnh Sony a6400 + E PZ 18-105mm f/4 G (Hàng Chính Hãng)32',39,4,39699000,1000,0,NULL,'afe0de90016c7d2fa8249d847bd96cc6.jpg',NULL),(298,'Máy Ảnh Vlog Sony ZV-1F | Black - Hàng Chính Hãng33',39,4,14690000,1000,0,NULL,'ab237cc635a68fe5debebf9d79f182c2.png',NULL),(299,'Pin máy ảnh cho Sony NP-BN1 1000mAh34',41,4,189999,1000,0,NULL,'f82f6fbb76aa57815c42885caa346bc2.jpg',NULL),(300,'Dây đeo cho máy ảnh Sony35',41,4,80000,1000,0,NULL,'6394902792c304790b651cc43be60431.jpg',NULL),(301,'Máy Ảnh Sony ZV-1F (Hàng Chính Hãng36',39,4,14479000,1000,0,NULL,'2606f91518cc1c0a4063682c0aac9af1.png',NULL),(302,'Sạc pin NP-BN1 cho máy ảnh Sony37',41,4,95000,1000,0,NULL,'a6ab74939fa06e5c13940eb46747e1f7.jpg',NULL),(303,'Combo Pin Sạc Máy Ảnh Cho Sony NP-BN138',41,4,249999,1000,0,NULL,'c0308efff9f17f330e25973ec8941f5c.jpg',NULL),(304,'Máy ảnh kỹ thuật số ZV-1 | Hàng Chính Hãng39',39,4,18990000,1000,0,NULL,'3f3475749b0b20fc2d2667351af124c3.png',NULL),(305,'Máy Ảnh Sony HDR-CX405 - Hàng Chính Hãng40',39,4,6390000,1000,0,NULL,'761611406ad2bd63cad746322527c5c0.png',NULL),(306,'Máy ảnh Fujifilm X-T30 Mark II Body/Kit - Hàng Chính Hãng41',42,4,23290000,1000,0,NULL,'fdd6b152bbb5713288cdbf942e98c5a3.png',NULL),(307,'Combo Cáp đậy body  ngàm E-Mount và đuôi ống kính cho máy ảnh Sony Nex42',41,4,55000,1000,0,NULL,'dc01bd59d2bd4c5b45ce7db2189a9fe2.jpg',NULL),(308,'Pin Dành Cho Máy Ảnh Sony NP-FV100 7.2V 4200mAh Cao Cấp AZONE43',41,4,343999,1000,0,NULL,'472f6a6e5c526aa711e6ccbc5d0db3e2.jpg',NULL),(309,'Sạc thay thế sạc máy ảnh Sony (nhiều loại), Hàng nhập khẩu44',41,4,139999,1000,0,NULL,'450211e9df16c220f72aaaa6210958fb.jpg',NULL),(310,'Máy Ảnh Sony ZV-E10 (Hàng Chính Hãng45',39,4,17929000,1000,0,NULL,'45d4ebd805c7a5daa01a168b3d5b0f80.jpg',NULL),(311,'Máy Ảnh Sony A7S III (Body) (Hàng Chính Hãng)46',39,4,99589000,1000,0,NULL,'c1d094c0cb7773c866d6288d72072a01.png',NULL),(312,'Túi Đựng Máy Ảnh Sony LCS-U21/BC - Hàng Chính Hãng47',39,4,530000,1000,0,NULL,'a928e5ce08a2468e037d5a42337953c4.jpg',NULL),(313,'Remote hồng ngoại điều khiển từ xa cho máy ảnh Sony A600048',41,4,99999,1000,0,NULL,'36f7ed25f4494b0748b7123a4747a017.jpg',NULL),(314,'Miếng Dán Bảo Vệ Màn Hình Dành Cho Máy Ảnh Sony A6000/630049',41,4,46000,1000,0,NULL,'f228ef43454f7441a6670f1d9ab37c29.jpg',NULL),(315,'Sạc Pin NP-FW50 Cho Máy Ảnh Sony Nex/A5000/A6000 - Hàng Nhập Khẩu50',41,4,89999,1000,0,NULL,'b86809635884036ecebd6ceac5568106.jpg',NULL),(316,'Máy Ảnh Canon EOS RP (Hàng Chính Hãng Lê Bảo Minh2',40,4,35249000,1000,0,NULL,'954d62dac070590d35d985f6d155975c.png',NULL),(317,'Máy Ảnh Canon EOS 3000D + Lens EF-S 18 - 55mm III (Lê Bảo Minh) - Hàng Chính hãng3',40,4,12490000,1000,0,NULL,'30ca2c516a831de1120455d8ee43ccfc.png',NULL),(318,'máy Ảnh canon AE-1 - body kèm lens 35/70 f3.5-4.54',41,4,3150000,1000,0,NULL,'d5f646c37aa9faec205e3ee85f45ff9d.jpg',NULL),(319,'máy ảnh canon a1 - body kèm lens 35-70mm5',41,4,3150000,1000,0,NULL,'401cfe5dd76c11ee3a3bbb44ea6f7574.jpg',NULL),(320,'Máy Ảnh Canon Powershot G7X Mark II - Đen (Tặng Kèm Thẻ Nhớ Và Túi Đựng Máy Ảnh) - Hàng Chính Hãng6',40,4,14490000,1000,0,NULL,'722fdfff8dd63378a5498fa471b659a2.jpg',NULL),(321,'Máy ảnh Sony ZV-E10 + Kit 16-50mm F3.5-5.6 (ZV-E10 Awesome Edition Kit)- Hàng Chính hãng7',39,4,18390000,1000,0,NULL,'2e281ed55c53512546910d0729a88c39.png',NULL),(322,'Máy Ảnh Canon Powershot G7X Mark II – Đen – Hàng Chính Hãng8',40,4,13990000,1000,0,NULL,'9cf6d9d23b51e47e3817bd903d7c0c1f.png',NULL),(323,'Máy Ảnh Canon EOS M200 KIT 15-45mm - Hàng Chính Hãng9',40,4,13990000,1000,0,NULL,'ab8569598d709dbaba41bd75a625c470.png',NULL),(324,'Máy Ảnh Canon EOS 3000D + Lens EF-S 18 - 55mm III - Hàng Chính Hãng (Tặng Kèm Thẻ Nhờ Và Túi Đựng Máy Ảnh)10',40,4,12490000,1000,0,NULL,'c0a732874a13d8795587d50f96de6259.jpg',NULL),(325,'Máy Ảnh Canon 6D Mark II Body - Hàng Nhập Khẩu (Tặng Thẻ 32GB + Tấm Dán LCD)11',40,4,38990000,1000,0,NULL,'6336d9d7965b0f8ed206868a4a68a4ee.jpg',NULL),(326,'Máy ảnh Fujifilm X-T30 Mark II Body/Kit - Hàng Chính Hãng12',42,4,23290000,1000,0,NULL,'fdd6b152bbb5713288cdbf942e98c5a3.png',NULL),(327,'Giấy Và Mực In Ảnh Nhiệt Canon RP108 Cho Máy In Canon SELPHY CP1300, SELPHY CP1200, SELPHY CP1000, SELPHY CP910 - Hàng Chính Hãng13',40,4,880000,1000,0,NULL,'47fa01723dda8d5d9c96ffefcd74f37b.jpg',NULL),(328,'Máy ảnh Canon G7X Mark II - Lê Bảo Minh - Tặng thẻ 16GB + Túi - Hàng Chính Hãng14',40,4,14990000,1000,0,NULL,'a6b96411ce04938b10a8c71359fdac28.jpg',NULL),(329,'Máy Ảnh Canon EOS 6D MARK II Body - Hàng Chính Hãng15',40,4,37990000,1000,0,NULL,'1.u5367.d20170707.t153108.194882.jpg',NULL),(330,'Máy In Ảnh Canon SELPHY CP1300 Wifi16',40,4,3590000,1000,0,NULL,'6bf39697b7180d096a67352d9240e863.png',NULL),(331,'Máy Ảnh Fujifilm X-S10 Black- Hàng Chính Hãng17',42,4,28290000,1000,0,NULL,'519ba08f23f680c54dbcc21647496fe7.png',NULL),(332,'máy ảnh Canon sure shot supreme18',41,4,2750000,1000,0,NULL,'4ebb2836ba07ed4cd5e9de4062614e55.jpg',NULL),(333,'Bao Da Máy Ảnh Cho Canon EOS M319',41,4,250000,1000,0,NULL,'a3cd11ccd145cc7a34a29e10d28bbd45.jpg',NULL),(334,'Remote Điều Khiển Từ Xa Cho Máy Ảnh Canon20',41,4,43000,1000,0,NULL,'81012156d73437ccfd065e8184607d1a.jpg',NULL),(335,'Dây cáp kết nối máy ảnh Canon với máy tính21',41,4,69000,1000,0,NULL,'9e7be1b999fe913e0c4c0c057bce657b.jpg',NULL),(336,'Máy chụp ảnh lấy liền Fujifilm Instax Mini 11 - Hàng chính hãng22',43,4,2070000,1000,0,NULL,'ff216f2f984a76429e7a56ff0dd42614.png',NULL),(337,'máy ảnh nikon FT2 - body kèm lens 50/1:1.423',41,4,4100000,1000,0,NULL,'c5858fe93bacf81dde954680c5e36039.jpg',NULL),(338,'Skin 3M dán full body cho máy ảnh canon eos R , RP , R5 , R624',41,4,367000,1000,0,NULL,'52dfa22c47a05d3f684bcfa0cdf1eb9d.jpg',NULL),(339,'Máy Ảnh Canon EOS M6 Mark II Kit 15-45mm IS STM (Tặng Thẻ 16GB) - Hàng Chính Hãng25',40,4,26990000,1000,0,NULL,'2098fce7dbdac2bc8f77cb1a5ad1c00d.jpg',NULL),(340,'Máy Ảnh Canon EOS R Body - Hàng Chính Hãng26',40,4,42990000,1000,0,NULL,'24fffcf7cb467f1fe064bb146b2e0fd7.jpg',NULL),(341,'Máy ảnh chụp lấy liền dùng thẻ nhớ Fujifilm Instax Mini Evo - Hàng chính hãng27',42,4,5447820,1000,0,NULL,'3728fb8e32f952570d6469d1248f20d8.png',NULL),(342,'Kẹp Gắn Thắt Lưng Andoer Bằng Kim Loại Tải Trọng 20kg Cho Máy Ảnh Canon Nikon Sony Dslr28',41,4,482461,1000,0,NULL,'936049985fa56511e0a43fa32f17b029.jpg',NULL),(343,'Máy In Ảnh Canon Selphy CP1300 Wifi Đen - Hàng Chính Hãng29',40,4,3875000,1000,0,NULL,'6a13cf6abb243e9d9d7974ac23dac7c1.jpg',NULL),(344,'Vòng cao su quấn lens cho máy ảnh Canon - hàng nhập khẩu30',41,4,25000,1000,0,NULL,'0d7e12b888bd38ec7d1e3bdca0a6d995.jpg',NULL),(345,'Sạc Pin Máy Ảnh Canon LP-E6 LPE6, Sạc Pin Máy Ảnh Canon 5D Mark II III IV 70D 5Ds 6D 5Ds 80D 7D 60D 5Ds R31',41,4,159000,1000,0,NULL,'cdcbf52df018e9009fc1e632436e44a4.jpg',NULL),(346,'(Tặng Thẻ Nhớ 64GB) Máy ảnh Sony Alpha A7 IV - Hàng Chính Hãng32',39,4,56890000,1000,0,NULL,'1a41032da4d02967660e9c61e05e2040.png',NULL),(347,'Túi Da Pu Đựng Máy Ảnh Canon G7X Iii Kèm Dây Đeo Vai Tiện Dụng33',41,4,575341,1000,0,NULL,'f35d66e96dad9ee2cacf2e416a7167dc.jpg',NULL),(348,'Máy Ảnh Canon EOS RP (Hàng Chính Hãng Lê Bảo Minh34',40,4,35249000,1000,0,NULL,'954d62dac070590d35d985f6d155975c.png',NULL),(349,'Giấy in ảnh Canon GP-601 4\'x6\' (30 sheets) dùng cho máy in phun- Hàng Chính hãng35',40,4,209000,1000,0,NULL,'df4e7673c9ff08d48346be0bc752dade.png',NULL),(350,'máy ảnh canon TRIP 3536',41,4,2200000,1000,0,NULL,'b9dd85780cca9ea45c063b89be117639.jpg',NULL),(351,'Máy Chụp Ảnh Lấy Liền Polaroid Now - Hàng chính hãng37',44,4,3333000,1000,0,NULL,'c409c36824d7c51d589d4d343d0992af.jpg',NULL),(352,'Dây da đeo tay cho máy ảnh mirrorless canon/sony/fuji38',41,4,55000,1000,0,NULL,'9f98bd1b920a59e12d53719e9e322aea.jpg',NULL),(353,'Ống kính máy ảnh Lens Tamron 70-210 F/4.0 Di VC USD (A034) cho Canon EF Full Frame - Hàng chính hãng39',45,4,8399000,1000,0,NULL,'c6c6ededc4e3bfe4b439c26f1947f927.jpg',NULL),(354,'Máy Ảnh Canon PowerShot G5X Mark II - Hàng Chính Hãng40',40,4,22290000,1000,0,NULL,'fa62d84c1be00fcb75f8d15a56c59c58.jpg',NULL),(355,'Túi đựng máy ảnh Canon EOS- Hàng nhập khẩu41',46,4,229000,1000,0,NULL,'c790d14f1e491c37161089fe48dcf45d.jpg',NULL),(356,'Máy Ảnh Sony Alpha A6400 Body/Lens E PZ 16-50mm- Hàng Chính Hãng42',39,4,20379000,1000,0,NULL,'41f8cc646ac7d3111874430ebbec5c45.png',NULL),(357,'Máy Ảnh Canon EOS RP Body (Chính Hãng Lê Bảo Minh)43',40,4,27990000,1000,0,NULL,'b1a7f6aeabb3b7d33a5d4d4d7c4fa3ea.jpg',NULL),(358,'Bộ nắp đậy máy ảnh & Ống Kính Dành cho Canon44',41,4,45000,1000,0,NULL,'4b4923ac6af359d09984d0c01a3b3a13.jpg',NULL),(359,'Nắp lens cho ống kính máy ảnh Canon ( 42/52/58/62/67/72/77/8245',41,4,45000,1000,0,NULL,'5bdd9ca239d43e1078db4c52127fb9d0.jpg',NULL),(360,'Máy ảnh Canon EOS R Body - Hàng Chính Hãng46',40,4,50000000,1000,0,NULL,'252a94c4b2a70b81a35a0a27fc471827.png',NULL),(361,'Máy Ảnh Vlog Sony ZV-1F | Black - Hàng Chính Hãng47',39,4,14690000,1000,0,NULL,'ab237cc635a68fe5debebf9d79f182c2.png',NULL),(362,'Pin cho máy ảnh Canon LP-E8 LPE8 pin máy ảnh Canon 550D 600D 650D 700D48',41,4,189000,1000,0,NULL,'b3380d1da48d8bb9e75a4f9bc41792a9.jpg',NULL),(363,'Đèn Flash Godox V1 Cho máy ảnh Canon - Hàng chính hãng49',43,4,4260000,1000,0,NULL,'c2414cdbac1e0fd37d0af600606b86d1.jpg',NULL),(364,'Bao da máy ảnh film50',41,4,250000,1000,0,NULL,'231c4f39a76499c39322d3401b884f36.jpg',NULL),(365,'Sạc pin máy ảnh Canon LP-E1751',41,4,101000,1000,0,NULL,'6a4b121482c833c5e183450fac81861f.jpg',NULL),(366,'Mainboard GIGABYTE Z690 AORUS ELITE (DDR5)-- Hàng Chính Hãng1',7,5,7250000,1000,0,NULL,'a3bb454629091494981decf73d2c6e0f.png',NULL),(367,'Bo Mạch Chủ Mainboard ASRock H310CM-DVS Socket 1151 - Hàng Chính Hãng2',47,5,1339000,1000,0,NULL,'b9a675f07daa3789a160738d85a4d523.jpg',NULL),(368,'Mainboard Bo Mạch Chủ MSI MAG B560M MORTAR- Hàng Chính Hãng3',1,5,3490000,1000,0,NULL,'b5e481fee3be0ba79c621cdcce77a026.jpg',NULL),(369,'Mainboard Gigabyte  Bo Mạch Gigabyte H61 DDR3 Công Ty Box ( BH 36 tháng )4',41,5,985600,1000,0,NULL,'e65b354e36bdef70161fcbb37a95256c.jpg',NULL),(370,'Mainboard Gigabyte Z690M Aorus Elite DDR4 - Hàng Chính Hãng5',7,5,5410000,1000,0,NULL,'81e4042288de585a3e72600ee59c5d33.jpg',NULL),(371,'Mainboard ASUS Z590 GUNDAM WIFI EDITION - Hàng Chính Hãng6',3,5,7190000,1000,0,NULL,'8e1755ab0260d24f77bc5332ae87b9f6.jpg',NULL),(372,'Mainboard ASRock B365 Phantom Gaming 4 Hàng Chính Hãng7',47,5,2390000,1000,0,NULL,'246c8aa2fa04e5589f62774d8164cfe0.png',NULL),(373,'Mainboard bo mạch chủ Gigabyte GA-H61M-DS2 - hàng chính hãng8',7,5,680000,1000,0,NULL,'c66353aff349175fbde3632cd49ab414.jpg',NULL),(374,'Bo Mạch Chủ (Mainboard) MSI H110M PRO-VD PLUS - HÀNG CHÍNH HÃNG9',1,5,1190000,1000,0,NULL,'7d76be26278d12be2efa6142bb08e960.jpg',NULL),(375,'Cáp chuyển nguồn ATX 20 pin cái sang 24pin đực, chuyển đổi từ 20pin PSU sang 24PIN trên Mainboard máy tính10',41,5,49000,1000,0,NULL,'a2ac6f46a1ff3abcafe762bc7c648406.jpg',NULL),(376,'Bo Mạch Chủ Mainboard MSI H81M-E33 Socket 1150 - Hàng Chính Hãng11',1,5,1190000,1000,0,NULL,'6c0c872a064fc5db14d655406ef2c9ce.jpg',NULL),(377,'Bo mạch chủ Mainboard ASRock B550M Steel Legend Supports 3rd Gen AMD AM4 Ryzen - Hàng Chính Hãng12',47,5,3150000,1000,0,NULL,'387a03bb2da4de6548efe90398e9fc19.png',NULL),(378,'Bo Mạch Chủ Mainboard Mainboard Gigabyte B660M A PRO AX DDR4 - Hàng Chính Hãng13',48,5,4490000,1000,0,NULL,'2c46ca122a2321fe3055ab52cd0bc885.jpg',NULL),(379,'Bo Mạch Chủ Mainboard MSI H510M-A PRO (Intel H510, Socket 1200, m-ATX, 2 khe Ram DDR4)- Hàng Chính Hãng14',1,5,1790000,1000,0,NULL,'124a7f9d195d5ebbaf746d4efb976d24.jpg',NULL),(380,'Bo Mạch Chủ Mainboard GIGABYTE H110M-DS2 (SK1151) (Rev 1.0) - Hàng Chính Hãng15',7,5,1300000,1000,0,NULL,'8113c92535d796c4691d2918d901081e.jpg',NULL),(381,'BOA MẠCH CHỦ Mainboard MSI B450M PRO VDH MAX - HÀNG CHÍNH HÃNG16',1,5,2090000,1000,0,NULL,'4a8b8029df6ef7fe5555d51d493c0b80.png',NULL),(382,'Mainboard Gigabyte B660M D2H DDR4-- Hàng Chính Hãng17',7,5,2690000,1000,0,NULL,'0d07508eb4e6b0fdb7054792b6145ee4.jpg',NULL),(383,'Bo Mạch Chủ Mainboard MSI MAG B660M MORTAR DDR5 - Hàng Chính Hãng18',1,5,4590000,1000,0,NULL,'8a2122398cb187a3f0c0fa8ea65aa302.png',NULL),(384,'Mainboard ASROCK B250 Gaming K4  Hàng Chính Hãng19',47,5,2753000,1000,0,NULL,'fbb8451fe4d867ef9308edffd4fd1863.png',NULL),(385,'Bo Mạch Chủ (Mainboard) MSI H310M PRO-D PLUS (HÀNG CHÍNH HÃNG)20',1,5,1150000,1000,0,NULL,'b9e38cf4b32e1f4bf9eb6e9db78ffd29.jpg',NULL),(386,'Mainboard MSI A320M-A PRO MAX - Hàng Chính Hãng21',1,5,1390000,1000,0,NULL,'30e431c8f33aa14759f4c3ba284a4317.png',NULL),(387,'Mainboard Asus PRIME B660M-A D4-CSM -- Hàng Chính Hãng22',3,5,2910000,1000,0,NULL,'312f4e23d3a123430eb9f566e1f0fd7e.png',NULL),(388,'Mainboard Asus H610M K D4 (Socket 1700, HDMI+VGA DDR4 M2) - Hàng chính hãng Viết Sơn phân phối23',3,5,1973000,1000,0,NULL,'7c7b053de79f4ffaa725d444bb7d82b3.png',NULL),(389,'BO MẠCH CHỦ MAINBOARD LAPTOP ACER MODEL E5-575 VÀ F5-573 CORE I5 GEN 7 - HÀNG CHÍNH HÃNG24',2,5,2700000,1000,0,NULL,'f126f874d5f2f382fdcf75806293fc79.jpg',NULL),(390,'BO MẠCH CHỦ MAINBOARD LAPTOP ACER MODEL E5-575G VÀ F5-573 CORE I5 GEN 7 VGA RỜI - HÀNG CHÍNH HÃNG25',2,5,2900000,1000,0,NULL,'46b12d586e4740347bc015f1fc4955d3.jpg',NULL),(391,'Mainboard ASROCK B450M Pro4-F R2.0 Hàng Chính Hãng26',47,5,1659000,1000,0,NULL,'dc8e73e2b01fd12734492844aff290e6.png',NULL),(392,'BO MẠCH CHỦ MAINBOARD LAPTOP ACER MODEL V3-331 và V3-371 CORE I3 GEN 4 - HÀNG CHÍNH HÃNG27',2,5,1200000,1000,0,NULL,'f6544ca8fc4eb574425ff9ccf225ec72.jpg',NULL),(393,'Bo Mạch Chủ (Mainboard) ASUS B85M-GAMER Gaming (HÀNG CHÍNH HÃNG)28',3,5,1590000,1000,0,NULL,'6bc4eb0a193feafb76695339a80d6d30.jpg',NULL),(394,'Bo Mạch Chủ/Mainboard MSI H510M-A PRO (Intel H510, Socket 1200, m-ATX, 2 khe Ram DDR4)- Hàng chính hãng29',1,5,1790000,1000,0,NULL,'067f6fd3da7d17943bda68a96ac36fd4.jpg',NULL),(395,'Mainboard Gigabyte H610M S2H socket 1700 - Hàng chính hãng Viễn Sơn phân phối30',7,5,2269000,1000,0,NULL,'636043dd4f66362d61e0483dd7f33c17.png',NULL),(396,'Bo Mạch Chủ Mainboard Mainboard Gigabyte B660M AORUS PRO DDR4 - Hàng Chính Hãng31',49,5,4190000,1000,0,NULL,'5ed4031ab7fcfbdf36cc9357fdeea486.jpg',NULL),(397,'Main Máy Tính Gigabyte Z390 Gaming X Mainboard Chính Hãng Cho Máy Tính PC -hàng chính hãng32',7,5,16989600,1000,0,NULL,'72b224e948fc298a383a92a328b8c0fa.jpg',NULL),(398,'Mainboard Asus TUF GAMING B660M-PLUS WIFI D4 -- Hàng Chính Hãng33',3,5,4070000,1000,0,NULL,'841925f0d02f26d2b1c331a59be7f30e.png',NULL),(399,'Mainboard ASRock A320M-HDV Hàng Chính Hãng34',47,5,1150000,1000,0,NULL,'20c7d51b829271e52c342745fa0f06c4.jpg',NULL),(400,'Mainboard ASROCK B660M PRO RS (Intel B660, Socket 1700, M-ATX, 4 khe RAM DDR4) - Hàng chính hãng35',47,5,3190000,1000,0,NULL,'f6c56b3abe68fb9f529a719643b75b8e.jpg',NULL),(401,'Bo mạch chủ Mainboard Asrock H470M-HVS - Hàng Chính Hãng36',47,5,1590000,1000,0,NULL,'f4a91144f6873ec490388571246e37fd.png',NULL),(402,'Bo mạch chủ Mainboard ASRock A320M-HDV R4.0 AM4 Socket - Hàng Chính Hãng37',47,5,1350000,1000,0,NULL,'ce0e422675ce50d7a1852752212eb728.png',NULL),(403,'Bo mạch chủ Mainboard Asrock H510M - HVS R2.0- Hàng Chính Hãng38',47,5,1550000,1000,0,NULL,'93c1f3bb412db56abcb42b24e8178ae2.jpeg',NULL),(404,'Mainboard Asus TUF GAMING B660M-PLUS D4 -- Hàng Chính Hãng39',3,5,3590000,1000,0,NULL,'5aa4033302f9fa0709285ac28f3e163b.png',NULL),(405,'Mainboard ASRock B560M Pro4/ac - Hàng chính hãng40',47,5,2690000,1000,0,NULL,'e8c7e82fdea7303a823f00bd11b8e5ef.jpg',NULL),(406,'Màn hình máy tính SKYWORTH 27\' IPS Full HD 75Hz VESA sRGB 99% Tích hợp loa 27B1H - Hàng chính hãng1',50,6,3086000,1000,0,NULL,'2fe99b79d4a5f0c309a92d4271647710.png',NULL),(407,'Màn hình máy tính SKYWORTH 27\' IPS Full HD 75Hz VESA sRGB 99% Tích hợp loa 27B1H - Hàng chính hãng2',50,6,2630000,1000,0,NULL,'2fe99b79d4a5f0c309a92d4271647710.png',NULL),(408,'Màn hình máy tình Dell P2423D ( 23.8\' IPS QHD (2560 x 1440)  60 Hz/ 5ms / HDMI / DP / USB ) - Hàng Chính Hãng3',8,6,6620000,1000,0,NULL,'0d972ec3686224d51e28a59383d63d35.png',NULL),(409,'Màn hình máy tính Dell SE2723DS ( 27 Inch QHD ( 2560 x 1440 ) / 75 Hz / IPS / 8ms / HDMI 1.4 / DP 1,2 / Jack Audio 3.5 ) - Hàng Chính Hãng4',8,6,6350000,1000,0,NULL,'dba61ac7d706059f4e886ff6431044f9.jpg',NULL),(410,'Màn hình máy tính LG 24MP500-B 24 inch IPS 75Hz - Hàng Chính Hãng5',51,6,3160000,1000,0,NULL,'db3085de8d1b8eab7c9f556cbd9a84e9.jpg',NULL),(411,'Màn hình máy tính LCD Dell Monitor S2421H 23.8 inch 1920x1080 75hz HDMI x 2 - Hàng chính hãng6',8,6,4420000,1000,0,NULL,'dbec8570bf7158117f5b199f789e1f4b.png',NULL),(412,'Màn hình máy tính SKYWORTH 23.8\' VA Full HD 75Hz VESA sRGB 95% 24B1 - Hàng chính hãng7',50,6,2100000,1000,0,NULL,'5a9e6f1a25536289185ac727fe609f15.jpg',NULL),(413,'Màn hình LCD TOMKO / Full Viền/ Độ phân giải Full HD /Tấm nền IPS/ Tần số quét 75HZ - Hàng chính hãng8',52,6,1690000,1000,0,NULL,'02a533fc750ad3d23c1fe8d87b13bfef.jpg',NULL),(414,'Màn Hình Dell E2015HV 19.5 Inch - Hàng Chính Hãng9',8,6,1690000,1000,0,NULL,'e2015hv.u600.d20160628.t162843.jpg',NULL),(415,'Màn hình AOC  27B1H/74 27 inches FHD IPS - Hàng chính hãng10',53,6,2980000,1000,0,NULL,'b1a615cde8f3b187874d861ad5e93b75.png',NULL),(416,'Màn hình máy tính SKYWORTH 23.8\' VA Full HD 75Hz VESA sRGB 95% 24B1 - Hàng chính hãng11',50,6,2200000,1000,0,NULL,'5a9e6f1a25536289185ac727fe609f15.jpg',NULL),(417,'Màn hình máy tính SKYWORTH 21.5\' VA Full HD 75Hz VESA sRGB 99% M223FJ - Hàng chính hãng12',50,6,1850000,1000,0,NULL,'6a7b7cbf5aaa69fed0c5e648fd54f6ed.jpg',NULL),(418,'Màn hình máy tính LCD Dell Monitor S2421H 23.8 inch 1920x1080 75hz HDMI x 2 - Hàng chính hãng13',8,6,4160000,1000,0,NULL,'dbec8570bf7158117f5b199f789e1f4b.png',NULL),(419,'Màn Hình Máy Tính K-VISION Full Viền 27 inch / 24inch / 1080X1920 / 75Hz/ BH 24 Tháng - Hàng chính hãng- Chuyên dùng cho game , học tập, văn phòng14',54,6,1919000,1000,0,NULL,'f786b8d629fd2480edb2f28d3d05931c.png',NULL),(420,'Màn hình máy tính Dell P2422H 24\'/60Hz/FHD(1920 x 1080)/IPS - Hàng Chính Hãng15',8,6,5140000,1000,0,NULL,'3a2162022c304305ce164605fcfc94e5.png',NULL),(421,'Màn hình máy tính SKYWORTH 21.5\' VA Full HD 75Hz VESA sRGB 99% M223FJ - Hàng chính hãng16',50,6,1850000,1000,0,NULL,'6a7b7cbf5aaa69fed0c5e648fd54f6ed.jpg',NULL),(422,'Màn hình máy tính Provision - Chuyên dùng cho học tập , văn phòng , bán hàng - Hàng chính hãng17',55,6,1255000,1000,0,NULL,'a280e40886f419a08608f6405f9b7da2.jpg',NULL),(423,'Màn hình máy tính AOC 24V2Q 24 inches IPS FHD 75Hz (Đen) - Hàng chính hãng18',53,6,2990000,1000,0,NULL,'5b626f24611d35ecaff097d0bd76687a.png',NULL),(424,'Màn Hình Cong SamSung LC24F390FHEXXV 24inch FullHD 4ms 60Hz FreeSync VA - Hàng Chính Hãng19',16,6,2959600,1000,0,NULL,'8b9491a49ba27b09369e53ae2317b2f1.png',NULL),(425,'Màn Hình máy tính Tomko T2221F 22\'FHD, Full VIền - 75Hz , Thích hợp dùng Văn Phòng, Bán Hàng, Học Tập, Hàng Chính Hãng20',52,6,2500000,1000,0,NULL,'93eceb0fa660edbd88e5193c7b61294b.jpg',NULL),(426,'Màn hình máy tính Dell E2422H ( 24 inch/ IPS/ Full HD/ 60Hz ) - Hàng Chính Hãng21',8,6,3879000,1000,0,NULL,'bdfa1a64eb0f489c57c52029ac762bbc.png',NULL),(427,'Màn Hình LED LG 27MK600M-B 27 inch Full HD (1920 x 1080) 5ms 60Hz Radeon FreeSync IPS - Hàng Chính Hãng22',51,6,3990000,1000,0,NULL,'bf2fca6ce6dec3e8377b2a3722d022a5.jpg',NULL),(428,'Màn Hình Cong Samsung LC27F397FHEXXV 27inch FullHD 4ms 60Hz FreeSync VA - Hàng Chính Hãng23',16,6,3969000,1000,0,NULL,'9fd5856e9a6cdfe715d8318bd263e8ca.jpg',NULL),(429,'Màn Hình máy tính Dell P2723QE ( 27inch 4K UHD (3840 x 2160) 8ms 60Hz IPS HDMI/DP/USB Type-C Upto 90W / RJ45 Network ) - Hàng Chính Hãng24',8,6,10890000,1000,0,NULL,'a2397aa385a69511258ef975fdae2795.png',NULL),(430,'Màn Hình Dell E2216HV 22inch FullHD 5ms 60Hz TN – Hàng Chính Hãng25',8,6,1348300,1000,0,NULL,'756b457fd63aa54e89190415be8ed6d4.png',NULL),(431,'Màn hình máy tính SKYWORTH Gaming 23.8\' Fast-IPS Full HD 144Hz VESA sRGB 99% Tích hợp loa 24G1H - Hàng chính hãng26',50,6,3700000,1000,0,NULL,'c4bf488cb6d69af69d8a47cbbcda063d.png',NULL),(432,'Màn hình di động Lenovo L15 A21156FX0 (66E4UAC1WW)/ 15.6inch FHD/ IPS/ 60Hz/ USB-C/ DP/ 3Yrs - Hàng chính hãng27',5,6,4820000,1000,0,NULL,'24f65aa19ed6adaf4228c49bb057eb35.jpg',NULL),(433,'Màn hình bảo vệ mắt Asus VA24ECE 23.8 inch Full HD/ IPS/ 75Hz/ 5ms/ USB-C - Hàng Chính Hãng28',3,6,2990000,1000,0,NULL,'0e101f15941b59f6df7aafb9f839989e.png',NULL),(434,'Màn hình máy tính ViewSonic VA2715-H 27 inch FHD VA - Hãng Chính hãng29',56,6,3090000,1000,0,NULL,'05b43a99d0fda4689572c0f830bdf7a9.png',NULL),(435,'Màn Hình Di Động Lenovo ThinkVision M15 15.6\' FHD 62CAUAR1WW Hàng chính hãng30',5,6,4990000,1000,0,NULL,'fe362f44a80f8fc7fb544508df275aa0.jpg',NULL),(436,'Màn hình DELL 19.5 inch E2016HV 1600x900 - Hàng chính hãng31',8,6,2530000,1000,0,NULL,'be0f5f0aace732452e04446bb3b67cae.jpg',NULL),(437,'Màn hình máy tính Dell P2722H 27\'/60Hz/FHD(1920 x 1080)/IPS - Hàng Chính Hãng32',8,6,5850000,1000,0,NULL,'2c2d53de67157c7fcdc15dfe608ebf48.png',NULL),(438,'Màn hình máy tính LG 27MP500-B 27 inch FHD IPS - Hàng Chính Hãng33',51,6,3670000,1000,0,NULL,'d5de36f209b9cd0e9c304d031398203e.jpg',NULL),(439,'Màn hình máy tính Cong Full Viền K- VISION 24 inches IPS FHD 75Hz - Hàng chính hãng34',54,6,1990000,1000,0,NULL,'42d877886024e09f274bc1c111fbe955.jpg',NULL),(440,'Màn hình máy tính Provision 19 inch- Chuyên dùng cho học tập , văn phòng , bán hàng - Hàng chính hãng35',55,6,1255000,1000,0,NULL,'05308fe689870284b7ac7639a9248c1a.jpg',NULL),(441,'Màn Hình Dell E2020H 19.5\'\' HD+ (1600x900) 5ms 60Hz TN - Hàng Chính Hãng36',8,6,2710000,1000,0,NULL,'e81ed35d4fbd43de283526ca8868c3b5.png',NULL),(442,'Màn Hình HUAWEI MateView SE | 23.8\' | 90% gam màu P3 | Màn hình HUAWEI FullView | Chế độ eBook | Hàng Chính Hãng37',57,6,3985000,1000,0,NULL,'f9466d6cc23d7bf2455e92a372aa7d93.png',NULL),(443,'Màn Hình Samsung LS24R350FZEXXV 24inch FullHD 5ms 75Hz AMD FreeSync - Hàng Chính Hãng38',16,6,3050000,1000,0,NULL,'54172996216b0eea1fc9eefc55e9c4a0.jpg',NULL),(444,'Màn Hình Thông Minh Samsung LS24AM506NEXXV ( 24 Inch / 1,920 x 1,080 FHD / 14ms / 60Hz / IPS / HĐH Tizen / HDMI / Loa ) - Hàng chính hãng39',16,6,3690000,1000,0,NULL,'b5b54ddac30a9e46d2c3d93a45d38b5d.png',NULL),(445,'Màn hình ViewSonic VX2780-2K-SHDJ 27inch 2K IPS - Hàng Chính Hãng40',56,6,5950000,1000,0,NULL,'bfd623f9428a788c0c1f7328baaddc95.jpg',NULL),(446,'Màn Hình Dell S2721HN 27inch FHD (1920x1080) 4ms 75Hx IPS 300nits/HDMI+Audio/AMD FreeSync - Hàng Chính Hãng41',8,6,5930000,1000,0,NULL,'5ac0cc6837f5f953861217675082f4de.png',NULL),(447,'Màn hình Dell S2421HN 23.8Inch IPS - Hàng Chính hãng42',8,6,4223000,1000,0,NULL,'6012fbe873e87164374f54172e3e91f4.jpg',NULL),(448,'Màn hình máy tính LG 24MP60G-B 23.8 inch FHD IPS - Hàng Chính Hãng43',51,6,3340000,1000,0,NULL,'d5269041bd9dfce426f792159aa2656b.png',NULL),(449,'Màn hình máy tính Dell S2721DS 27inch 2K IPS 75Hz FreeSync - Hàng Chính Hãng44',8,6,6650000,1000,0,NULL,'d0ceff9801ba10b82d78db8b3d60a495.png',NULL),(450,'Màn hình máy tính Dell E2422H ( 24 inch/ IPS/ Full HD/ 60Hz ) - Hàng Chính Hãng45',8,6,3840000,1000,0,NULL,'bdfa1a64eb0f489c57c52029ac762bbc.png',NULL),(451,'Màn hình Dell 18.5 inch E1916HV - Hàng chính hãng46',8,6,2420000,1000,0,NULL,'f0eb8354a903f9e90c84269feccd037f.png',NULL),(452,'Màn hình MSI PRO MP241X 23.8 inch FHD/VA 75Hz - Hàng Chính Hãng47',1,6,2590000,1000,0,NULL,'882e5373525fd323bbece03e2ab81d55.jpg',NULL),(453,'Màn Hình Hội Nghị Truyền Hình Dell C2422HE (24 inch IPS/ FHD/ 5ms/ 60Hz) - Hàng Chính Hãng48',8,6,9490000,1000,0,NULL,'f70330a1e1d02bac6217a2bfa2a87a21.jpg',NULL),(454,'Màn Hình Dell E2020H 19.5\'\' HD+ (1600x900) 5ms 60Hz TN - Hàng Chính Hãng49',8,6,2659000,1000,0,NULL,'1345ce9ad99354c642f0d038b075da7f.jpg',NULL),(455,'Màn hình Dell E2422HS 23.8Inch IPS - Hàng chính hãng50',8,6,3920000,1000,0,NULL,'dd3c2ac5a88f28c15994c9cfa90bfde9.jpg',NULL),(456,'Màn hình máy tính SKYWORTH 21.5\' VA Full HD 75Hz VESA sRGB 99% M223FJ - Hàng chính hãng2',50,6,1850000,1000,0,NULL,'6a7b7cbf5aaa69fed0c5e648fd54f6ed.jpg',NULL),(457,'Màn hình máy tính LG 27MP500-B 27 inch FHD IPS - Hàng Chính Hãng3',51,6,3670000,1000,0,NULL,'d5de36f209b9cd0e9c304d031398203e.jpg',NULL),(458,'Màn hình máy tính Cong Full Viền K- VISION 24 inches IPS FHD 75Hz - Hàng chính hãng4',54,6,1990000,1000,0,NULL,'42d877886024e09f274bc1c111fbe955.jpg',NULL),(459,'Màn hình máy tính LG 29WP60G-B 29 inch UltraWide FHD HDR IPS -Hàng Chính Hãng5',51,6,5690000,1000,0,NULL,'497e9511631dde3fb48b33733ee5d9a3.png',NULL),(460,'Màn hình thông minh Samsung M7 LS43BM702 43\' 4K USBC - Hàng Chính Hãng6',16,6,9780000,1000,0,NULL,'8182ed78b56fcf729257db3b6b437f08.png',NULL),(461,'Màn Hình Dell E2020H 19.5\'\' HD+ (1600x900) 5ms 60Hz TN - Hàng Chính Hãng7',8,6,2710000,1000,0,NULL,'e81ed35d4fbd43de283526ca8868c3b5.png',NULL),(462,'Màn Hình máy tính Dell P2723QE ( 27inch 4K UHD (3840 x 2160) 8ms 60Hz IPS HDMI/DP/USB Type-C Upto 90W / RJ45 Network ) - Hàng Chính Hãng8',8,6,10890000,1000,0,NULL,'a2397aa385a69511258ef975fdae2795.png',NULL),(463,'Màn hình máy tính LG QHD 23.8\'\' IPS 24QP750-B Hàng Chính Hãng9',51,6,5990000,1000,0,NULL,'9b07e694b979d4dcedb64123c73dd8f3.jpg',NULL),(464,'Màn hình máy tính Asus VZ24EHE 23.8 inch FHD IPS 75Hz 1ms -- Hàng Chính Hãng10',3,6,2790000,1000,0,NULL,'bf5b9cba59cbaedc6f0c18847ba18b53.png',NULL),(465,'Màn hình máy tính K- VISION 24 inches IPS FHD 75Hz (Đen) - Hàng chính hãng11',54,6,1990000,1000,0,NULL,'96206b43fa6acc9e1f8770de52c7d971.png',NULL),(466,'Màn hình DELL 19.5 inch E2016HV 1600x900 - Hàng chính hãng12',8,6,2530000,1000,0,NULL,'be0f5f0aace732452e04446bb3b67cae.jpg',NULL),(467,'Màn hình máy tính LCD VSP VL24 Cong Full Viền (1920x1080, 75Hz, HDMI, VGA) - Hàng Chính Hãng13',58,6,2415000,1000,0,NULL,'d173d78015950805519a2ecbe42ca83d.jpg',NULL),(468,'Màn hình máy tính HP M32f 2H5N0AA 31.5 inch FHD 75Hz - Hàng Chính Hãng14',4,6,6590000,1000,0,NULL,'153c3da3cf3421fd4a7a6f61fb8d23c7.jpeg',NULL),(469,'Màn hình máy tính Dell E2722H ( 27 inch/ IPS/ Full HD/ 60Hz ) - Hàng Chính Hãng15',8,6,4250000,1000,0,NULL,'7f2c60c7efa8956f5ac37fd5a18c9a76.png',NULL),(470,'Màn hình Viewsonic VX2480-SHDJ (24inch/FHD/IPS/75Hz/4ms/250nits/HDMI+DP+VGA+Audio) - Hàng Chính Hãng16',55,6,4140000,1000,0,NULL,'1da95299daf4562d9788786181a13f9f.jpg',NULL),(471,'Màn hình máy tính MCC 2215HV Full HD 21.5 inch - Hàng chính hãng17',59,6,1989000,1000,0,NULL,'20402a39055ef1a87d812cd738a57dfc.jpg',NULL),(472,'Màn Hình Dell E1916HV 19inch HD 5ms 60Hz TN - Hàng Chính Hãng18',8,6,2050000,1000,0,NULL,'538d624ec926ca109106886e944e01dc.jpg',NULL),(473,'Màn Hình MSI PRO MP242 23.8\'/FHD/IPS/75Hz/5ms/Loa 2x2W - Hàng Chính Hãng19',1,6,3009000,1000,0,NULL,'a10f4a8d48c8147afb15665a5329b325.png',NULL),(474,'Màn Hình Di Động Lenovo ThinkVision M15 15.6\' FHD 62CAUAR1WW Hàng chính hãng20',5,6,4990000,1000,0,NULL,'fe362f44a80f8fc7fb544508df275aa0.jpg',NULL),(475,'Màn hình Cong Provision 27 inch GM271VNG - Tấm nền PLS - FUll HD 1920x1080 - Chống Lóa - Tần số 75Hz New FullBox - Hàng Chính Hãng21',56,6,2593500,1000,0,NULL,'bc41f882ff8d290a30ed4017493ca6b2.jpg',NULL),(476,'Màn hình máy tính SKYWORTH Gaming 23.8\' Fast-IPS Full HD 144Hz VESA sRGB 99% Tích hợp loa 24G1H - Hàng chính hãng22',50,6,3700000,1000,0,NULL,'c4bf488cb6d69af69d8a47cbbcda063d.png',NULL),(477,'Màn Hình Hội Nghị Truyền Hình Dell C2422HE (24 inch IPS/ FHD/ 5ms/ 60Hz) - Hàng Chính Hãng23',8,6,9500000,1000,0,NULL,'f70330a1e1d02bac6217a2bfa2a87a21.jpg',NULL),(478,'Màn hình máy tính IPS LG 29WP500-B - Hàng Chính Hãng24',51,6,5040000,1000,0,NULL,'cf4d8b89d06da78648c5719cc2804448.jpg',NULL),(479,'Màn hình máy tính Dell E2423H 23.8 inch FHD VA 60Hz - Hàng chính hãng25',8,6,3590000,1000,0,NULL,'4c5625785fd6455bc3886c381e0b78b6.jpg',NULL),(480,'Màn hình máy tính Dell E2222H ( 21.5 inch VA/ FHD/ 10ms/ 60Hz ) - Hàng Chính Hãng26',8,6,2490000,1000,0,NULL,'29a0ab4aec727598f11f25bcd3ca802f.png',NULL),(481,'Gel khử mùi bồn cầu diệt khuẩn toilet gel dính bồn cầu dạng thạch hình bông hoa với 5 mùi thơm cho nhà vệ sinh27',41,6,10791,1000,0,NULL,'a690aea58b70c66795491c420bd46dfe.jpg',NULL),(482,'Màn Hình Gaming Samsung S22F350FHE 22inch FullHD 4ms 60Hz TN - Hàng Chính Hãng28',16,6,2990000,1000,0,NULL,'ls22f350fhexxv1.u504.d20160628.t141426.jpg',NULL),(483,'Màn hình máy tính thông minh Samsung M8 LS32BM80BUEXXV 32\' 4K USBC - Hàng chính hãng29',16,6,15990000,1000,0,NULL,'309050321a0bdbc478adb09fa7590472.png',NULL),(484,'Màn hình máy tính Dell E1916HV LED 18.5 inch - Hàng chính hãng30',8,6,2102000,1000,0,NULL,'4a6fc2fa4eb76de7134ebd30741bcb18.jpg',NULL),(485,'Màn hình LCD MSI Pro MP273P (1920x1080/IPS/75Hz/5ms) - Hàng Chính Hãng31',1,6,3790000,1000,0,NULL,'f59fe073be2f374cefe815c1844f9228.png',NULL),(486,'Màn Hình Dell S2721HN 27inch FHD (1920x1080) 4ms 75Hx IPS 300nits/HDMI+Audio/AMD FreeSync - Hàng Chính Hãng32',8,6,5930000,1000,0,NULL,'5ac0cc6837f5f953861217675082f4de.png',NULL),(487,'Màn hình LCD DELL SE2222H - Hàng chính hãng33',8,6,3042000,1000,0,NULL,'ee6e1a1827350baa0ad1f76bb8aa4ee3.png',NULL),(488,'Màn Hình LCD Philips 221V8 (1920x1080/VA/75Hz/4ms) - Hàng Chính Hãng34',60,6,2020000,1000,0,NULL,'c2d84bc6a9bb1349777665e1668e248e.jpg',NULL),(489,'Màn hình máy tính LC-POWER 24 inch LC-M24-FHD-75 Hàng chính hãng35',61,6,2090000,1000,0,NULL,'1cb514c39998455a645564414ae38c44.png',NULL),(490,'[Bán chạy Top 1] Màn hình PC để bàn Tomko 27 inch 2K IPS T2721Q-2K Hàng Chính Hãng chất lượng tốt36',52,6,2925000,1000,0,NULL,'2a8f5ca74f17143a89ceb8138434b2f0.jpg',NULL),(491,'Gel thơm khử trùng bồn cầu gel khử mùi bồn cầu dạng thạch hình bông hoa tạo mùi thơm cho toilet37',41,6,13500,1000,0,NULL,'6e48ead0ea936e0b952fa0e627145ddf.jpg',NULL),(492,'Màn hình máy tính LCD cong VSP VL24(CM2410Q) - Hàng chính hãng38',58,6,2750000,1000,0,NULL,'5ace35f7ed76a6f5bb9110aca0a8dc41.jpg',NULL),(493,'Màn hình máy tính K-vision - Chuyên dùng cho học tập , văn phòng , bán hàng - Hàng chính hãng39',54,6,1390000,1000,0,NULL,'829e2da4baafe0448518aa943b2c78b1.png',NULL),(494,'Màn Hình Samsung LU28R550UQEXXV 28\'\' UHD 4K (3840×2160) 4ms 60Hz IPS AMD FreeSync - Hàng Chính Hãng40',16,6,6835000,1000,0,NULL,'29518f8e2a63d3d19d9fcad7be8bb3ff.png',NULL),(495,'Màn hình HP EliteDisplay E27q G4 27\' QHD Monitor (9VG82AA) - Hàng Chính Hãng41',4,6,8256000,1000,0,NULL,'44f493937694a5fe2e1cfd4e73831196.jpg',NULL),(496,'Màn hình Dell 18.5 inch E1916HV - Hàng chính hãng42',8,6,2420000,1000,0,NULL,'f0eb8354a903f9e90c84269feccd037f.png',NULL),(497,'Màn hình Cong Samsung LC32R500FHEXXV 31.5 inch FHD 75Hz - Hàng Chính Hãng43',16,6,4900000,1000,0,NULL,'49e5bef79b905d97a1fa763f8dc58191.png',NULL),(498,'Màn hình MSI PRO MP243 24 Inch IPS 75Hz PRO-MP243 - Hàng Chính Hãng44',1,6,2590000,1000,0,NULL,'3b7270d3dcad9717e373fdfb8da76ac8.png',NULL),(499,'Màn Hình Viewsonic VA2223-H 22 inch Full HD - Hàng Chính Hãng45',55,6,2500000,1000,0,NULL,'13b17bc36d43f0a497764f43b24a9ca6.jpg',NULL),(500,'Màn hình máy tính Dell E1916HV ( 19\' 1366 x 768 at 60 Hz / VGA / 5ms ) - Hàng Chính Hãng46',8,6,1490000,1000,0,NULL,'105e74d68f311e6d2ebe9926436b806c.jpg',NULL),(501,'Gel thơm khử trùng bồn cầu - gel khử mùi bồn cầu dạng thạch hình bông hoa47',41,6,13500,1000,0,NULL,'b4ef4f10b4b3dca4034d61d033693f3e.jpg',NULL),(502,'Màn hình HP M27fw FHD 27 inch 2H1B1AA - Hàng chính hãng48',4,6,6600000,1000,0,NULL,'ed180b769cf6522efb8cbb6b26cfc69c.jpg',NULL),(503,'Màn hình LCD HP M24f 2E2Y4AA - Hàng chính hãng49',4,6,3990000,1000,0,NULL,'4ace522496611c8a1e37321ccea2870f.png',NULL),(504,'Màn hình bảo vệ mắt Asus VA27ECE 27 inch Full HD/75Hz/5ms/USB-C - Hàng Chính Hãng50',3,6,3650000,1000,0,NULL,'07a06ac1b518fa5916849d340fd90e7a.png',NULL),(505,'Màn hình Provision  - 24Inch - Hàng Chính Hãng51',56,6,2150000,1000,0,NULL,'3c7091bcdf8837cd373c5cdfb878ce73.jpg',NULL),(506,'Mainboard GIGABYTE Z490 AORUS ULTRA-G2 -Hàng Chính Hãng2',7,5,10790000,1000,0,NULL,'80673831b20cd75f6502b9a22477d014.png',NULL),(507,'Bo mạch chủ Mainboard ASUS PRIME H410M-F - Hàng Chính Hãng3',3,5,1650000,1000,0,NULL,'c0e602c3ddf74eea237adb10ae64fee4.jpg',NULL),(508,'Bo Mạch Chủ Mainboard ASRock A320M-HDV Socket AM4 - Hàng Chính Hãng4',47,5,1350000,1000,0,NULL,'2f4a112e755b72b4eb8ee29e4c2c211b.jpg',NULL),(509,'Bo Mạch Chủ Mainboard MSI H410M-BOMBER - Hàng Chính Hãng5',1,5,1500000,1000,0,NULL,'b88e5ffee636f5af1e8ce540e06c70f2.png',NULL),(510,'MAINBOARD VSPTECH H81-PLUS - Hàng chính hãng6',62,5,1150000,1000,0,NULL,'29bdd0cc322fe7eca10faf076ec38c33.jpg',NULL),(511,'Main Máy Tính Bo Mạch Chủ AFOX H81 CHÍNH HÃNG Mainboard Linh Kiện Điện Tử Cho Máy Tính PC -hàng chính hãng7',63,5,4317600,1000,0,NULL,'64ba7494d1a6f25ddd01bc7877421a74.jpg',NULL),(512,'Mainboard MSI H410M PRO-E DDR4 (Hdmi , Vga , DVI ) - Hàng chính hãng8',1,5,1544900,1000,0,NULL,'71492bb18e8d051e0bc72e13d3c68bc9.png',NULL),(513,'Mainboard MSI Z490-A PRO - Hàng Chính Hãng9',1,5,4090000,1000,0,NULL,'eb601c45d63ec08813267375f007c6fa.png',NULL),(514,'Mainboard GIGABYTE GA-A320M-S2H - Hàng Chính Hãng10',7,5,1490000,1000,0,NULL,'59059006f2e5b2b243a99898e6fbb91d.jpg',NULL),(515,'Mainboard ASROCK H510M-HDM-HVS - Hàng chính hãng11',47,5,1590000,1000,0,NULL,'f379f1cadad1362248899c700feffea2.jpg',NULL),(516,'Bo Mạch Chủ Mainboard Laptop Acer Model A515-51 I3-7100U - Hàng Chính Hãng12',2,5,2200000,1000,0,NULL,'a68f33ac3a7751a0d51d2c1787a69a75.jpg',NULL),(517,'BO MẠCH CHỦ MAINBOARD LAPTOP ACER MODEL E1-430G và E1-470G CORE I3 GEN 3 VGA RỜI - HÀNG CHÍNH HÃNG13',2,5,1200000,1000,0,NULL,'1d1c6200d8689639ba5ff2c75d30ac11.jpg',NULL),(518,'Bo Mạch Chủ Mainboard ASUS PRIME H310M-K Intel LGA-1151 mATX DDR4 2666MHz - Hàng Chính Hãng14',3,5,2690000,1000,0,NULL,'00d1dc38cc51a86890d389dd29218e5a.jpg',NULL),(519,'BO MẠCH CHỦ MAINBOARD LAPTOP ACER MODEL E5-573G VÀ F5-571 CORE I3 GEN 4 VGA RỜI - HÀNG CHÍNH HÃNG15',2,5,1700000,1000,0,NULL,'2840b6c413ba281525aa7cce268b8550.jpg',NULL),(520,'Mainboard ECS B560H6-M22 - Hàng Chính Hãng16',64,5,1800000,1000,0,NULL,'47840142b9dea460cfe82d6efbf4f800.jpg',NULL),(521,'Mainboard Asus H81M K (Socket 1150, DVI+VGA, DDR3) - Hàng chính hãng Viết Sơn phân phối17',3,5,1433000,1000,0,NULL,'3a5f5ebeac4db346f766ddf80a185f7c.png',NULL),(522,'Bo Mạch Chủ Mainboard ASRock B660 Steel Legend - Hàng Chính Hãng18',47,5,4350000,1000,0,NULL,'e61bd20deef675f455b571a38d868fbd.jpg',NULL),(523,'MAINBOARD VSPTECH H61-PRO - HÀNG CHÍNH HÃNG19',62,5,1100000,1000,0,NULL,'12f5224de72f5bfbec4f72b4c49b72ae.jpg',NULL),(524,'BO MẠCH CHỦ MAINBOARD LAPTOP ACER MODEL ES1-711 INTEL N2840 - HÀNG CHÍNH HÃNG20',2,5,500000,1000,0,NULL,'499f20b44765e9fbf7b4e56ddab8b654.jpg',NULL),(525,'Mainboard Bo Mạch Chủ MSI A320M-A PRO MAX (AMD A320, Socket AM4, m-ATX, 2 khe RAM DDR4) - Hàng Chính Hãng21',1,5,1390000,1000,0,NULL,'2e2a4217955259b8ff562739e61b097d.jpg',NULL),(526,'HUB Aura Sync P-ARGB V2.0 Coolmoon cho Fan Led RGB và đèn Led RGB đồng bộ Mainboard máy tính - hàng nhập khẩu22',65,5,195000,1000,0,NULL,'eb9c59eddbe878c4b188618fdc1ef522.jpeg',NULL),(527,'Bo Mạch Chủ Mainboard GigaByte H510M-H - Hàng chính hãng23',66,5,1750000,1000,0,NULL,'4a46c5cc25e3bf000ee2e68703207c8a.jpg',NULL),(528,'BO MẠCH CHỦ MAINBOARD LAPTOP ACER MODEL E5-575G VÀ F5-573 CORE I3 GEN 7 VGA RỜI - HÀNG CHÍNH HÃNG24',2,5,2200000,1000,0,NULL,'6082bd3a3bfc9368c5f4cfc8e285f730.jpg',NULL),(529,'BO MẠCH CHỦ MAINBOARD LAPTOP ACER MODEL ES1-431 INTEL N3710 - HÀNG CHÍNH HÃNG25',2,5,850000,1000,0,NULL,'e20f6d3584e6d3bcf78f8dcebde204a0.jpg',NULL),(530,'BO MẠCH CHỦ MAINBOARD LAPTOP ACER MODEL ES1-531 INTEL N3060- HÀNG CHÍNH HÃNG26',2,5,600000,1000,0,NULL,'42533f1555554dd98b8bf4250861c700.jpg',NULL),(531,'Bo Mạch Chủ Mainboard MSI B560M PRO-E - Hàng Chính Hãng27',1,5,2100000,1000,0,NULL,'3fa06ebe0871ed7e4f693e85ff3fcd8d.jpg',NULL),(532,'Mainboard MSI PRO B660M-B DDR4 - Hàng Chính Hãng28',1,5,3599000,1000,0,NULL,'7e1b1a84e255040a50c00b0df5f23e58.png',NULL),(533,'Mainboard MSI PRO B660M-A DDR4 - Hàng Chính Hãng29',1,5,3590000,1000,0,NULL,'4af47137fa633a2554b090492e702ed6.jpg',NULL),(534,'Mainboard Bo Mạch Chủ ASROCK H470M-HDV NEW - Hàng Chính Hãng30',47,5,1590000,1000,0,NULL,'761477fd2850e4ac186c806e1f0ae79c.jpg',NULL),(535,'Bộ Kit máy tính để bàn AMD 4700S 8-Core Desktop Kit 16GB(Gồm VGA RX550,CPU, Fan, Mainboard, Ram)(No Box) - Hàng Chính Hãng31',67,5,9290000,1000,0,NULL,'aa673da84175af4dfdeb746bd435d388.png',NULL),(536,'Mainboard ECS B660H7-M20 (Có NVMe M2) - Hàng Chính Hãng32',64,5,2100000,1000,0,NULL,'bae055799f8c74d47dd7f5be5bcb9a9c.png',NULL),(537,'Mainboard AFOX H81 hàng chính hãng33',63,5,3357600,1000,0,NULL,'d282439f0cfbe792cda5f083ab515a93.jpg',NULL),(538,'BO MẠCH CHỦ MAINBOARD LAPTOP ACER MODEL SW5-012 INTEL Z3735F - HÀNG CHÍNH HÃNG34',2,5,600000,1000,0,NULL,'adf6bb22913fc1ec1d2a83f903d3e587.jpg',NULL),(539,'Mainboard Gigabyte H510M H Socket 1200 HDMI VGA DDR4 M2 - Hàng chính hãng Viễn Sơn Phân Phối35',7,5,1765000,1000,0,NULL,'caf4036ffcd0f720595656a7eddf54f1.png',NULL),(540,'RAM DDR3 ECC REG 8G - 16G SỬ DỤNG CHO MÁY TRẠM DELL, HP, MAINBOARD X7936',41,5,122000,1000,0,NULL,'24318d7d4389f748e6994fc0fe41a974.jpg',NULL),(541,'Mainboard Gigabyte B560M-GAMING HD - Hàng Chính Hãng37',7,5,2650000,1000,0,NULL,'babdb7f4331426b077923292e317d899.jpg',NULL),(542,'Bo Mạch Chủ Mainboard Gigabyte H81M-DS2 - Hàng Nhập Khẩu38',7,5,1450000,1000,0,NULL,'7b0346760a242fc78716fbed19e9f133.jpg',NULL),(543,'MAINBOARD LAPTOP ACER MODEL E5-573G VÀ F5-571 CORE I3 GEN 5 VGA RỜI - HÀNG CHÍNH HÃNG39',2,5,2300000,1000,0,NULL,'49d97496ced62a71309be5357cce42cb.jpg',NULL),(544,'BO MẠCH CHỦ MAINBOARD LAPTOP ACER MODEL SW3-013 INTEL Z3735F/RAM 2GB/SSD 32GB - HÀNG CHÍNH HÃNG40',2,5,600000,1000,0,NULL,'30aa50222adbc77769d191f36f0fd859.jpg',NULL),(545,'Bo Mạch Chủ Mainboard GigaByte H510M-DS2V - Hàng chính hãng41',66,5,1700000,1000,0,NULL,'b38bf40c6ba5b4d3d1364236ccc505ca.jpg',NULL),(546,'RAM PC DDR3L Samsung 4GB Bus 1600 – Hàng Nhập Khẩu2',16,7,247000,1000,0,NULL,'5d56ef6fc3ee394a7b8b4d55ebd0983e.png',NULL),(547,'RAM PC DDR3 8GB Bus 1600mhz Hàng Nhập Khẩu3',41,7,288000,1000,0,NULL,'4d0fd4f61767e8b369c65338ab4185c5.jpg',NULL),(548,'RAM PC DDR3 8GB Bus 1600mhz Hàng Nhập Khẩu4',41,7,315000,1000,0,NULL,'3f5a683446498790922d785137cc9e88.jpg',NULL),(549,'RAM PC DDR4 Samsung 8GB Bus 2133 - Hàng Nhập Khẩu5',16,7,550000,1000,0,NULL,'e25c6c67d9d09f3924fce3063cbe1def.png',NULL),(550,'RAM DDR3 ECC REG 8G - 16G SỬ DỤNG CHO MÁY TRẠM DELL, HP, MAINBOARD X796',41,7,122000,1000,0,NULL,'24318d7d4389f748e6994fc0fe41a974.jpg',NULL),(551,'RAM PC DDR3L Samsung 8GB Bus 1600 - Hàng Nhập Khẩu7',16,7,574000,1000,0,NULL,'18e867e5f7354887a71ed96ea1d28dfb.png',NULL),(552,'RAM PC DDR3L Samsung 8GB Bus 1600 - Hàng Nhập Khẩu8',16,7,574000,1000,0,NULL,'18e867e5f7354887a71ed96ea1d28dfb.png',NULL),(553,'Ram PC 4gb ddr3 bus 1600, ram máy tính 4gb, bộ nhớ trong dùng cho PC9',41,7,149000,1000,0,NULL,'678657c97264c0d2b35496b18cbfd245.jpg',NULL),(554,'RAM PC MÁY TÍNH BÀN DDR3 HÀNG THÁO MÁY BỘ MỚI ĐẸP 4GB BUSS 1333 160010',41,7,139000,1000,0,NULL,'9e3e23780f648f3f2a5c479c2a057e7d.jpg',NULL),(555,'RAM PC DDR3L Samsung 4GB Bus 1600 – Hàng Nhập Khẩu11',16,7,247000,1000,0,NULL,'5d56ef6fc3ee394a7b8b4d55ebd0983e.png',NULL),(556,'RAM PC DDR4 Samsung 8GB Bus 2133 - Hàng Nhập Khẩu12',16,7,550000,1000,0,NULL,'e25c6c67d9d09f3924fce3063cbe1def.png',NULL),(557,'RAM PC DDR4 Samsung 8GB Bus 2666 - Hàng Nhập Khẩu13',16,7,570000,1000,0,NULL,'5f1967266bd6ca5de8e34723e68e6b51.png',NULL),(558,'Ram máy tính Gskill Aegis DDR4 8GB 2666 - Hàng chính hãng14',68,7,575000,1000,0,NULL,'093720d9a40065f510dde5934eae1fee.jpg',NULL),(559,'RAM PC DDR4 Samsung 8GB Bus 2400 - Hàng Nhập Khẩu15',16,7,550000,1000,0,NULL,'9c77f50d7f87d29b98ce9e6e1599b973.png',NULL),(560,'Ram PC 8gb bus 160016',41,7,260000,1000,0,NULL,'d35fe02aff0494432685e0a0c27eb70e.jpg',NULL),(561,'RAM PC DDR4 Samsung 8GB Bus 2666 - Hàng Nhập Khẩu17',16,7,570000,1000,0,NULL,'5f1967266bd6ca5de8e34723e68e6b51.png',NULL),(562,'Ram PC 8GB DDR4 bus 2666, ram dùng cho PC, desktop18',41,7,449000,1000,0,NULL,'911c3d9fbb08b1bbad62e2d8d668c7ff.jpg',NULL),(563,'RAM Máy bàn PC DDR4 Samsung 8GB Bus 3200 - Hàng Nhập Khẩu19',16,7,623000,1000,0,NULL,'ac1ffd78f250034b625121f412984b0e.png',NULL),(564,'Ram PC 8GB DDR4 bus 2133, ram dùng cho máy bàn, desktop20',41,7,439000,1000,0,NULL,'f5c0604cbaac04b87118801cbafeb705.jpg',NULL),(565,'RAM PC Kingmax 8GB 2400 DDR4 - Hàng Chính Hãng21',69,7,570000,1000,0,NULL,'345ec71ec8bd9d28d8c1fa9ff3404501.jpg',NULL),(566,'RAM Máy bàn PC DDR4 Samsung 16GB Bus 3200 - Hàng Nhập Khẩu22',16,7,1386000,1000,0,NULL,'721bff5da96f4d17d2270bdd9d8f9c71.jpg',NULL),(567,'RAM Máy bàn PC DDR4 Samsung 16GB Bus 3200 - Hàng Nhập Khẩu23',16,7,1386000,1000,0,NULL,'721bff5da96f4d17d2270bdd9d8f9c71.jpg',NULL),(568,'Ram Tản Nhiệt 8GB DDR3 BUS 1333 overclock 1600 - Ram Gaming24',41,7,499000,1000,0,NULL,'64d93c49858f5a2c4d96429c6631003f.jpg',NULL),(569,'Ram máy tính ddr4 Asgard V5 16gb Bus 3200 RGB Sync- Hàng chính hãng25',70,7,1760000,1000,0,NULL,'59b655dbd87eedb2d1e257f2d99e8eb2.JPG',NULL),(570,'Ram máy tính ddr4 Asgard V5 8gb Bus 3200 RGB Sync- Hàng chính hãng26',70,7,960000,1000,0,NULL,'e76eea1ca3c2e9aa5bb03fbf756c2a25.JPG',NULL),(571,'RAM Máy bàn PC DDR4 Samsung 8GB Bus 3200 - Hàng Nhập Khẩu27',16,7,623000,1000,0,NULL,'ac1ffd78f250034b625121f412984b0e.png',NULL),(572,'Ram TEAMGROUP Vulcan Z 4GB (1x4GB) DDR4 2666Mhz (Xám) - Hàng Chính Hãng28',41,7,439000,1000,0,NULL,'01d55d7908ac34067829aba34291f0fa.jpg',NULL),(573,'RAM desktop KINGSTON Fury Beast RGB 32GB (2 x 16GB) DDR4 3200MHz (KF432C16BB1AK2/32)- Hàng Chính Hãng29',71,7,3109000,1000,0,NULL,'90cf16e6b47460a90ca8baa047b4d374.jpg',NULL),(574,'Ram PC DDR4 Gskill 32G/3600 Trident Z RGB (F4-3600C18D-32GTZR) (2x 16GB) - Hàng Chính Hãng30',72,7,4150000,1000,0,NULL,'261bd23e41b373d9e915ee85cb8f03d1.jpg',NULL),(575,'Ram Laptop 16GB DDR4 bus 2666, ram dùng cho laptop31',41,7,909000,1000,0,NULL,'cc8ada87cdfc6c84cf00df9e1f258e61.jpg',NULL),(576,'RAM PC DDR4 Samsung 8GB Bus 2400 - Hàng Nhập Khẩu32',16,7,550000,1000,0,NULL,'9c77f50d7f87d29b98ce9e6e1599b973.png',NULL),(577,'Ram PC Kingston HyperX Fury Black 8GB (1x8GB) Bus 2666 DDR4 CL16 DIMM XMP Non-ECC HX426C16FB2/8 - Hàng Chính Hãng33',71,7,689000,1000,0,NULL,'c8f34fd78002c386edf1453eea559d90.jpg',NULL),(578,'Ram Pioneer Udimm 16GB DDR4 3200MHz Tản Nhiệt. Hàng Chính Hãng34',73,7,1131000,1000,0,NULL,'4ac84baf17a23307613d7f47b3beb750.jpg',NULL),(579,'RAM KingSpec 8GB / 16GB DDR4 2666MHz / 3200MHz Gaming | KS-P Series - Hàng Chính Hãng35',74,7,989000,1000,0,NULL,'2dc26a198b9e10716ac01ea95bcde0a5.jpg',NULL),(580,'Ram máy tính TeamGroup T-Force Vulcan Z Gaming DDR4 8GB 3200 - Hàng chính hãng36',75,7,580000,1000,0,NULL,'508ef42cbcf4d0378981e8f870e66063.jpg',NULL),(581,'RAM Laptop DDR4 Hynix 4GB Bus 3200 SODIMM - Hàng Nhập Khẩu37',76,7,350000,1000,0,NULL,'754b721c8bf5c45d6cae281a8002fa11.png',NULL),(582,'Ram DDR5 Corsair 32G/4800 Vengeance LPX Black (2x 16GB) (CMK32GX5M2A4800C40)- Hàng Chính Hãng38',77,7,4990000,1000,0,NULL,'1be5ff3cf04687c8c7513a4c3ed75c64.jpg',NULL),(583,'Ram PC KingSpec 8GB DDR3 1600Mhz - Hàng Chính Hãng39',74,7,590000,1000,0,NULL,'9f0a74678e4feb362a51a86583817df4.jpg',NULL),(584,'Ram Máy Tính Kingston Fury Beast RGB 16GB (1x16GB) 3200MHz DDR4 (KF432C16BBA/16) -- Hàng Chính Hãng40',71,7,1320000,1000,0,NULL,'de18c88fc62b8d11bc9ec8c6bed25987.png',NULL),(585,'RAM PC Kingmax 8GB Bus 2666 DDR4 - Hàng Chính Hãng41',69,7,585000,1000,0,NULL,'c06012d5c9a3d118428935bdd6a376ef.jpg',NULL),(586,'RAM Laptop DDR4 Samsung 4GB Bus 3200 - Hàng Nhập Khẩu42',16,7,362000,1000,0,NULL,'1c98e95590d99aa509ae306ba1f875fb.png',NULL),(587,'Ram 8GB Team T-FORCE VULCANZ DDR4 3200Mhz Tản dày - Hàng chính hãng Viễn Sơn phân phối43',78,7,518000,1000,0,NULL,'089ea8fd40587941a70931f1a9790184.png',NULL),(588,'Ram PC Crucial DDR5 16GB Bus 4800 – CT16G48C40U5 - Hàng chính hãng44',79,7,2090000,1000,0,NULL,'84e1b95ec4ed63e4355f967674a9eecf.png',NULL),(589,'Ram Máy Tính ADATA XPG SPECTRIX D50 RGB 8GB DDR4 3200MHz (AX4U320038G16A-ST50) - Hàng Chính Hãng45',80,7,799000,1000,0,NULL,'42fdae2851c3130f5dbac62755d85c75.png',NULL),(590,'Ram Corsair Vengeance RGB RS DDR4 8GB / 16GB 3200MHz - Hàng Chính Hãng46',77,7,850000,1000,0,NULL,'10e9758b5c6c978d9c662020356c46da.jpg',NULL),(591,'RAM Laptop Hynix 32GB DDR4 Bus 3200 - Hàng Nhập Khẩu47',76,7,3069000,1000,0,NULL,'b92f393ecf1998c1e99c27ea24787705.jpg',NULL),(592,'Ram Corsair 16GB LED RGB DDR4 3200MHz - Hàng chính hãng Vĩnh Xuân phân phối48',77,7,1433000,1000,0,NULL,'de82040510be878a9914056877d371cd.png',NULL),(593,'Ram Máy Tính TEAM T-Force Xtreem ARGB 64GB (32GBx2) DDR4 Bus 3600 (BLUE/WHITE)- Hàng Chính hãng49',75,7,7890000,1000,0,NULL,'348d63ace39149ebd150ed315d4475d0.jpg',NULL),(594,'Ram PC DDR4 Pioneer 8GB Buss 2666MHz Hàng Chính Hãng50',73,7,499000,1000,0,NULL,'27d3ab856ff302f39788be1c5a41b84f.jpg',NULL),(595,'RAM Máy tính ECC REGISTERED tự sửa lỗi 8GB51',41,7,118000,1000,0,NULL,'1caf1c7c6ec03de14a7686b20af21f3f.jpg',NULL),(596,'RAM Laptop DDR4 Samsung 4GB Bus 3200 - Hàng Nhập Khẩu1',16,7,362000,1000,0,NULL,'1c98e95590d99aa509ae306ba1f875fb.png',NULL),(597,'RAM PC 16GB DDR4-BUS 2666 KINGMAX - HÀNG CHÍNH HÃNG2',69,7,1390000,1000,0,NULL,'ea2c6b4c4c83057d422af2f5d155a995.jpg',NULL),(598,'Ram máy tính DDR3 8GB 1600 hàng kinh tông3',41,7,320000,1000,0,NULL,'bd8d6f8f5f6ea57d850db68a164e6ed7.jpg',NULL),(599,'Ram PC DDR4 Patriot 8GB, 16GB Bus 3200 - Bảo Hành Trọn Đời - Hàng Chính Hãng4',81,7,737000,1000,0,NULL,'b692777a540290ca99ff7ed69f72e995.jpg',NULL),(600,'RAM PC DDR4 Samsung 4GB Bus 2400 - Hàng Nhập Khẩu5',16,7,330000,1000,0,NULL,'1c2341c2dbb1986cb846b57d565bf899.png',NULL),(601,'RAM Laptop Samsung 16GB DDR4 Bus 3200 - Hàng Nhập Khẩu6',16,7,1485000,1000,0,NULL,'c4a563033b00348d6cc9f2687e3cd079.jpg',NULL),(602,'RAM Máy bàn PC DDR4 Samsung 4GB Bus 3200 - Hàng Nhập Khẩu7',16,7,366000,1000,0,NULL,'5bd85b85d0b178af0ea34093723fa52b.png',NULL),(603,'RAM PC 2GB DDR3 16008',41,7,80000,1000,0,NULL,'2c241390f5b9c56b5e6a01eb3e198ce7.jpg',NULL),(604,'Ram Server ECC REG 16GB DDR3 bus 1333, ram cho server, máy trạm - không dùng cho PC/Laptop9',41,7,389000,1000,0,NULL,'0077bc5a02024ffdf3422514aacf0aed.jpg',NULL),(605,'Ram Máy Tính Kingston Fury Beast DDR4 8GB 3200MHz KF432C16BB/8 - Hàng Chính Hãng10',71,7,590000,1000,0,NULL,'70cb400a9646f5eaaa0717a81ea6409a.jpg',NULL),(606,'RAM Laptop Hynix 32GB DDR4 Bus 3200 - Hàng Nhập Khẩu11',78,7,3069000,1000,0,NULL,'b92f393ecf1998c1e99c27ea24787705.jpg',NULL),(607,'Ram Pc 4gb bus 1600/1333 dành cho máy đồng bộ giá rẻ12',41,7,160000,1000,0,NULL,'e1f8c0e91267ca02e3ef35d0f54268c9.jpg',NULL),(608,'Ram DDR4 TeamGroup 8G/3200 T-Force Delta RGB (1x 8GB) (TF4D48G3200HC16C01) (Trắng)--Hàng Chính Hãng13',82,7,819000,1000,0,NULL,'8896999963815eccf93ce86648f22e9d.jpg',NULL),(609,'RAM PC Kingmax 8GB 1600 DDR3 - Hàng Chính Hãng14',69,7,990000,1000,0,NULL,'2c8aaacdd512870d2b59b8b486aa8690.jpg',NULL),(610,'RAM Desktop Silicon Power 16GB DDR4 2666MHz CL19 UDIMM - Hàng chính hãng15',83,7,997500,1000,0,NULL,'113e537b1d0474e75050b4d599fc327a.jpg',NULL),(611,'RAM Laptop Samsung 32GB DDR4 Bus 3200 - Hàng Nhập Khẩu16',16,7,3200000,1000,0,NULL,'beafc87ac8a64116e6cfd69093621a54.jpg',NULL),(612,'RAM PC DDR4 Samsung 4GB Bus 2666 - Hàng Nhập Khẩu17',16,7,345000,1000,0,NULL,'d454f5b7c0e64a2b3952e2acecb3c41e.jpg',NULL),(613,'RAM PC Kingmax 4GB 2400 DDR4 - Hàng Chính Hãng18',69,7,390000,1000,0,NULL,'f117cdb51ea37acda311c328d910a4d2.jpg',NULL),(614,'Ram Corsair 8GB LED RGB DDR4 3200MHz - Hàng chính hãng Vĩnh Xuân phân phối19',77,7,814000,1000,0,NULL,'c457a3ae61ea4c96f4d2b507be9b5d32.png',NULL),(615,'Ram Laptop 4Gb 8Gb DDR4 bus 2400, ram dùng cho Laptop20',41,7,245000,1000,0,NULL,'160b7c0bd9e103369745f1222b6c1eca.jpg',NULL),(616,'RAM Laptop Samsung 8GB DDR4 Bus 3200 - Hàng Nhập Khẩu21',16,7,637000,1000,0,NULL,'460ee658160381367a98ce2a91bef5ec.png',NULL),(617,'RAM PC Kingmax 4GB Bus 1600 DDR3 - Hàng Chính Hãng22',69,7,513000,1000,0,NULL,'aa7fc7e2ade744f039766bb9c55ca48d.jpg',NULL),(618,'RAM PC DDR3 8GB Bus 1600mhz Hàng Nhập Khẩu23',41,7,179000,1000,0,NULL,'b8da2a37598850f2c9560dcc6ea4129c.jpg',NULL),(619,'Ram Kingston 16GB 2666MHz DDR4 ECC CL19 DIMM 2Rx8 Micron E (KSM26ED8/16ME) - Hàng Chính Hãng24',71,7,2350000,1000,0,NULL,'a11ea42c476df2a03924b974ac6f77b0.png',NULL),(620,'Ram PC 2GB DDR2 bus 667 (5300U) ram dùng cho máy bàn, desktop25',41,7,65000,1000,0,NULL,'7ef36ae92a277d079a7666c936d749df.jpg',NULL),(621,'RAM Laptop DDR4 Hynix 16GB Bus 3200 SODIMM - Hàng Nhập Khẩu26',78,7,1386000,1000,0,NULL,'10d079835435b5cdc447e7babe9a6315.png',NULL),(622,'Ram Máy tính 2GB DDR2 800MHz ( PC2-6400U )27',41,7,120000,1000,0,NULL,'34c59c75497be61fd84a7130b5cf7349.jpg',NULL),(623,'RAM Ecc Registered DDR3 8GB bus 1066/ 1333 cho main X58 X79 X9928',41,7,120000,1000,0,NULL,'2ee3dae02de717da982c349fefe61ecc.jpg',NULL),(624,'Ram DDR4  4G bus 2400, 2133 tháo máy29',41,7,246000,1000,0,NULL,'d1cecd0248957c905e66bfcecee7150a.jpg',NULL),(625,'Ram Laptop 2GB DDR3 bus 1600 (12800s), ram cho laptop30',41,7,75000,1000,0,NULL,'cd92445429d54eb6b168172aa3245ad2.JPG',NULL),(626,'RAM Laptop DDR4 Hynix 8GB Bus 3200 - Hàng Nhập Khẩu31',78,7,600000,1000,0,NULL,'e44f8f328cf44834acd7f44dbc59f567.png',NULL),(627,'Ram PC Corsair Vengeance LPX 8GB 3200MHz DDR4 (1x8GB) CMK8GX4M1E3200C16 - Hàng Chính Hãng32',77,7,1160000,1000,0,NULL,'534ca1d42133ca5e2fa7ac4b9b122c81.jpg',NULL),(628,'Ram PC 2GB DDR2 bus 800 (6400U) ram dùng cho máy bàn, desktop33',41,7,65000,1000,0,NULL,'4ecd455984462f2a65cdd4de3d3f5c89.jpg',NULL),(629,'Ram Máy Tính GSkill Aegis DDR4 8GB 2666 - 3200 MHz - Hàng Chính Hãng34',72,7,549000,1000,0,NULL,'dc3c3ed8891aa7fdf2aa21161210a88e.jpg',NULL),(630,'RAM PC máy bàn DDR4 Hynix 8GB Buz 3200 Mhz - Hàng Nhập Khẩu35',78,7,574000,1000,0,NULL,'3e1166285acb473cba746d00f9a47bca.jpg',NULL),(631,'RAM PC DDR4 Samsung 8GB Bus 2133 - Hàng Nhập Khẩu36',16,7,550000,1000,0,NULL,'e25c6c67d9d09f3924fce3063cbe1def.png',NULL),(632,'RAM máy tính server 16GB 1066 1333 1600 1866 dùng cho main X58 X79 X9937',41,7,280000,1000,0,NULL,'784c8526c2031542563edaaf98c29500.jpg',NULL),(633,'Ram PC ddr3 4gb bus 1333 dùng cho main G41, H61, H81, H7738',41,7,140000,1000,0,NULL,'976c39afebbf3dab8d8875d28b761d90.jpg',NULL),(634,'RAM DDR4 G.Skill 8GB (2800) F4-2800C17S-8GVR - Hàng Chính Hãng39',72,7,790000,1000,0,NULL,'08af9465bda34764fbfc93311bb26718.jpg',NULL),(635,'Ram PC Crucial DDR5 8GB Bus 4800 – CT8G48C40U5 - Hàng chính hãng40',79,7,1050000,1000,0,NULL,'539cd87a8498903ee3f7b248d4bfc8c2.png',NULL),(636,'RAM PC DDR4 Samsung 4GB Bus 2133 - Hàng Nhập Khẩu41',16,7,330000,1000,0,NULL,'1916c1e6dfef7c51009a29322bde0659.png',NULL),(637,'Ram Server ECC REG DDR4 16GB bus 2400 - không dùng cho máy PC thường/Laptop42',41,7,535000,1000,0,NULL,'bb9e1cd540d258ceec2120a83377247f.jpg',NULL),(638,'Ram DDR4 Gskill 32G/3200 Trident Z RGB (F4-3200C16D-32GTZR) (2x 16GB) -- Hàng Chính hãng43',72,7,3050000,1000,0,NULL,'4deec90f40e7fc1b1151febc5ee244ec.jpg',NULL),(639,'Bộ nhớ máy tính RAM ddr3 4gb bus 1333 pc, bộ nhớ ram máy vi tính bàn.44',41,7,300000,1000,0,NULL,'830ab1d19bcda3086d850c9fb0ec4a53.jpg',NULL),(640,'RAM desktop G.SKILL Aegis F4-2666C19S-16GIS (1x16GB) DDR4 2666MHz - Hàng chính hãng45',72,7,1160000,1000,0,NULL,'263a941e3e7c52cdf38335b61b6c25af.jpg',NULL),(641,'RAM Máy bàn PC DDR4 Samsung 8GB Bus 3200 - Hàng Nhập Khẩu46',16,7,623000,1000,0,NULL,'ac1ffd78f250034b625121f412984b0e.png',NULL),(642,'Ram Máy tính 2GB DDR3 1333Mhz (PC3-10600u)47',41,7,120000,1000,0,NULL,'93b545ec0e4971b6542e9b24984f2e90.jpg',NULL),(643,'Ram PC Corsair Vengeance LPX 8GB Bus 2666 DDR4 C16 Non-ECC CMK8GX4M1A2666C16 - Hàng Chính Hãng48',77,7,745000,1000,0,NULL,'978076be0ed68c858363f1ee80eec78d.jpg',NULL),(644,'Ram Laptop 4GB DDR3 bus 1333 (10600S) ram dùng cho laptop49',41,7,195000,1000,0,NULL,'ecf9da1b73b0eef94883600f28187ec6.JPG',NULL),(645,'RAM PC DDR4 Samsung 16GB Bus 2666 - Hàng Nhập Khẩu50',16,7,1200000,1000,0,NULL,'53ce83d2f51836820157baee9526d3e6.jpg',NULL),(646,'Bộ vi xử lý CPU Intel Core i5-10400F (2.90 GHz up to 4.30 GHz, 6 nhân 12 luồng, 12M Cache, Socket 1200, Comet Lake-S) - Hàng Chính Hãng1',84,8,2790000,1000,0,NULL,'4f13cbc08615a120d5f16ea448dc2f62.jpg',NULL),(647,'Bộ vi xử lý CPU Intel Pentium Gold G7400 (3.7GHz, 2 nhân 2 luồng, 6MB Cache, 46W) Socket LGA 1700 - Hàng Chính Hãng2',84,8,2270000,1000,0,NULL,'680db629033d65d1d78d6deff9eaa2c2.jpg',NULL),(648,'CPU i7 4770, i7 4790 Socket 11503',41,8,1372140,1000,0,NULL,'b1f802a6e60824c301f9797aacb21cbc.jpg',NULL),(649,'Bộ xử lý CPU i5 3470 Socket 11554',41,8,374000,1000,0,NULL,'789a8be33babc508836ca68c8337e0f6.jpg',NULL),(650,'COMBO MSI A320 + CPU AMD ATHLON 3000G - Hàng Chính Hãng5',1,8,2900000,1000,0,NULL,'c09fcde276e48996d794e63c7411897a.jpg',NULL),(651,'Bộ vi xử lý CPU Intel Core i3 10105F (3.7GHz turbo up to 4.4GHz, 4 nhân 8 luồng, 6MB Cache, Socket 1200) - Hàng Chính Hãng6',84,8,1890000,1000,0,NULL,'5d1fc08dc735480d06b643c3a1737de9.jpg',NULL),(652,'Cpu i5 3570 dùng cho mainboard H61/h71/B75/H777',41,8,400000,1000,0,NULL,'29c47cfb7fe039f4ff59e65c2beb2fdf.jpg',NULL),(653,'CPU AMD Ryzen 5 5600G, with Wraith Stealth cooler/ 3.9 GHz (4.4 GHz with boost) / 19MB / 6 cores 12 threads / Radeon Graphics / 65W / Socket AM4 - Hàng Chính Hãng8',67,8,5450000,1000,0,NULL,'d407b10d6ed1ca08df4a9e55baff00d4.png',NULL),(654,'CPU Intel Core i5-13400 - Hàng Chính Hãng9',84,8,6290000,1000,0,NULL,'c467c17c08d8fd95430dbdac672d0b5b.jpg',NULL),(655,'Bộ Vi Xử Lý CPU AMD Ryzen 5 4600G - Hàng Chính Hãng10',67,8,3050000,1000,0,NULL,'579fc79bbbadc1a7d27cddc56d3bddd7.jpg',NULL),(656,'Bộ vi xử lý CPU Intel Core i5-10400 (2.90 GHz up to 4.30 GHz, 6 nhân 12 luồng, 12M Cache, Socket 1200, Comet Lake-S) - Hàng Chính Hãng11',84,8,3490000,1000,0,NULL,'bb327b293889280a27117d0ad129e8d5.jpg',NULL),(657,'CPU Intel Core i9-13900K (5.80GHz, 24 Nhân 32 Luồng, 30M Cache, Raptor Lake) - Hàng Chính Hãng12',84,8,16500000,1000,0,NULL,'b53f37ddffd73ba9c8cb4dcdbed192a5.png',NULL),(658,'CPU Intel Core i5-13600K (Up To 5.10GHz, 14 Nhân 20 Luồng,24MB Cache, Raptor Lake) -- Hàng Chính Hãng13',84,8,8790000,1000,0,NULL,'dd1e65871c812a6480004e3b84c2b396.png',NULL),(659,'Bộ Vi Xử Lý CPU AMD Ryzen Processors 5 3600 - Hàng Chính Hãng14',67,8,4990000,1000,0,NULL,'15d93bef846628cb493e510ac4c84632.jpg',NULL),(660,'CPU Intel Core i5-13500 -- Hàng Chính Hãng15',84,8,6790000,1000,0,NULL,'91ed4b09a5883ecc3ed01d6e54e6ddb5.png',NULL),(661,'Bộ vi xử lý CPU Intel Pentium Gold G6405 - Hàng Chính Hãng16',84,8,1790000,1000,0,NULL,'5ce4f28fe823657d1fc48870dcf0b44f.PNG',NULL),(662,'Bộ vi xử lý CPU Intel i7 - 10700 ( 2.9GHz Turbo up to 4.8GHz , 8 Core , 16 Threads , 16MB Cache , 65W ) - Hàng Chính Hãng17',84,8,7390000,1000,0,NULL,'beb89e33f12de8b48e0ce51c024eb7bb.jpg',NULL),(663,'CPU Intel Pentium G5400 (3.7GHz) - Hàng chính hãng18',84,8,1524000,1000,0,NULL,'2bc562c8a94a0fa726fa593c421714ed.jpg',NULL),(664,'Bộ vi xử lý CPU Intel Core i7 - 11700F thế hệ 11 - Hàng Chính Hãng19',84,8,7090000,1000,0,NULL,'a3959189cc1c4b7bd565c8e66a2e7ca3.jpg',NULL),(665,'CPU Intel Core i9-13900KF- Hàng Chính Hãng20',84,8,15900000,1000,0,NULL,'44ad04004c904446f5b71896f25213b6.png',NULL),(666,'CPU Intel Celeron G5905 - Hàng chính hãng21',84,8,1260000,1000,0,NULL,'cf0d4a080f99b4cd6f54340da9d336b3.jpg',NULL),(667,'Bộ vi xử lý CPU Intel Core i5-12600KF - Hàng Chính Hãng22',84,8,7290000,1000,0,NULL,'20b7d709718eac00c0af4837a7884dc0.jpeg',NULL),(668,'Bộ vi xử lý CPU Intel Core i7 - 11700 thế hệ 11 - Hàng Chính Hãng23',84,8,8790000,1000,0,NULL,'5e15b26ff346dd9fcc45f7542a57f97b.jpg',NULL),(669,'CPU Intel Core i3-12100F (3.3GHz turbo up to 4.3GHz, 4 nhân 8 luồng, 12MB Cache, 58W)- Socket Intel LGA 1700) - Hàng chính hãng Viễn Sơn phân phối24',84,8,2584000,1000,0,NULL,'b1782656b54ede0ac43e3449a7b9d24c.png',NULL),(670,'Cpu Intel Pentium G4400, 4600 Socket 1151 dùng cho main H11025',41,8,320000,1000,0,NULL,'94a7cf755dd8fd66105b2bd396cbb09f.jpg',NULL),(671,'Bộ vi xử lý CPU Intel Core i7-10700F (2.9GHz turbo up to 4.8GHz, 8 nhân 16 luồng, 16MB Cache, 65W - Socket Intel LGA 1200) - Hàng Chính Hãng26',84,8,7150000,1000,0,NULL,'4d44d4dee25ae16e09b643657e412cbb.jpg',NULL),(672,'CPU BỘ VI XỬ LÝ INTEL CORE i7 10700F (2.9GHz turbo 4.8GHz | 8 nhân | 16 luồng | 16MB Cache) 10TH NEW BOX CTY- Hàng Chính Hãng27',84,8,5890000,1000,0,NULL,'cdd13f6de6c4ad8aeaaeaa8da3c0dca9.jpg',NULL),(673,'CPU Intel Core i3 10105F New Chính Hãng (3.7GHz up to 4.4Ghz, 4 cores 8 threads, 6MB Cache, 65W)28',84,8,1950000,1000,0,NULL,'46d356bb57ada919bea6445ea2749454.png',NULL),(674,'Bộ Vi Xử Lý CPU AMD Ryzen 7 5800X3D - Hàng Chính Hãng29',67,8,10490000,1000,0,NULL,'00119b503d1896cf98023ac4a31d2169.jpg',NULL),(675,'Bộ Vi Xử Lý CPU AMD Ryzen 5 7600X - Hàng Chính Hãng30',67,8,7990000,1000,0,NULL,'ae819de77db417088267657d77ab6376.jpg',NULL),(676,'CPU Intel Core i3-10105 - Hàng chính hãng31',84,8,2990000,1000,0,NULL,'56e6f28a5deee2d77215a14ff1143931.jpg',NULL),(677,'CPU Intel Core i3 4130 (3.40GHz, 3M, 2 Cores 4 Threads) - Hàng chính hãng32',84,8,480000,1000,0,NULL,'13a904b46b00ab490342d894a238afbc.jpg',NULL),(678,'Keo tản nhiệt CPU hình ống chích (1 ống )33',41,8,11500,1000,0,NULL,'11bdced2602fafee66029b0dac738b4f.jpg',NULL),(679,'CPU Intel Core i7-13700K (Up To 5.40GHz, 16 Nhân 24 Luồng, 25M Cache, Raptor Lake) -- Hàng Chính Hãng34',84,8,12999000,1000,0,NULL,'5e82663402b05cb32b03bed49c1fac19.png',NULL),(680,'Bộ vi xử lý CPU AMD Ryzen 5 5600 - Hàng Chính Hãng35',67,8,3900000,1000,0,NULL,'199551fac654272fba6ab62d09e80f1f.jpg',NULL),(681,'Bộ Vi Xử Lý CPU INTEL CORE I5 10400F BOX- Hàng Chính Hãng36',84,8,2790000,1000,0,NULL,'fe8bdd521a1efb3c725687da6462650b.jpg',NULL),(682,'CPU Intel Core i3 10105F 3.7GHz Socket 1200 4 Nhân 8 Luồng 6MB - Hàng chính hãng37',84,8,1761000,1000,0,NULL,'fb0a49187d91167850e2f98b8a320542.png',NULL),(683,'CPU Intel Core i5-12400F (Upto 4.4Ghz, 6 nhân 12 luồng, 18MB Cache, 65W) - Socket Intel LGA 1700) - Hàng chính hãng Viễn Sơn phân phối38',84,8,4293000,1000,0,NULL,'74caadea1fe57f08a6fea5fc92fa181f.png',NULL),(684,'Bộ vi xử lý CPU Intel Pentium Gold G7400 (3.7GHz, 2 nhân 2 luồng, 6MB Cache, 46W, Socket LGA 1700) - Hàng Chính Hãng39',84,8,2150000,1000,0,NULL,'ceab16638fd5ca48873c75c35c5afee5.jpg',NULL),(685,'CPU Intel Core i5 10400F 2.9GHz Không GPU Socket 1200/6 nhân/12 luồng/12MB - Hàng chính hãng40',84,8,2486000,1000,0,NULL,'8669d6a1d7b0a431caeee7d618cd4190.png',NULL),(686,'CPU Intel Core i3 13100F (Up to 4.5 GHz | 4 Nhân | 8 Luồng | Socket 1700) - Hàng Chính Hãng41',84,8,3250000,1000,0,NULL,'9ffbc76b73b100fa70547d20a4cbae94.jpg',NULL),(687,'Bộ Vi Xử Lý CPU AMD Ryzen 5 3500 Processors - Hàng Chính Hãng42',67,8,3700000,1000,0,NULL,'b05d3c64108b92838e3515851ce0b4ce.jpg',NULL),(688,'CPU INTEL Core i7-12700K (12C/20T, 2.70 GHz - 3.60 GHz, 25MB) - socket 1700 - Hàng Chính Hãng43',84,8,10880000,1000,0,NULL,'4d15fff024d16fadb68845501ffed9e9.jpeg',NULL),(689,'Cpu ( chip) core i3 3220 socket 115544',41,8,240000,1000,0,NULL,'56f914260dc83d2abe13811d9c26a6aa.jpg',NULL),(690,'CPU Intel Core i7-13700 - Hàng Chính Hãng45',84,8,11200000,1000,0,NULL,'18ea57a658bd8ee1e6dbba840b221623.png',NULL),(691,'CPU Intel Core i5-12600 - Hàng Chính Hãng46',84,8,6690000,1000,0,NULL,'22825e57905884a72b5d1251b3f53f13.png',NULL),(692,'Bộ vi xử lý CPU Intel Core i5-11400F thế hệ 11 - Hàng Chính Hãng47',84,8,4250000,1000,0,NULL,'e845f07f8857d78af6392e0adb5e1c99.jpg',NULL),(693,'Bộ Vi Xử Lý CPU AMD Ryzen Processors 5 5600X - Hàng Chính Hãng2',67,8,5990000,1000,0,NULL,'0288f0e445702863aad113b2fe4db271.jpg',NULL),(694,'Bộ vi xử lý CPU Intel Core i9-11900F (2.5GHz turbo up to 5.2Ghz, 8 nhân 16 luồng, 16MB Cache, 65W, Socket Intel LGA 1200) - Hàng Chính Hãng3',84,8,15500000,1000,0,NULL,'77694dd8f29b7108ced77d3488689c0d.jpg',NULL),(695,'Bộ Vi Xử Lý CPU AMD Ryzen 7 7700X - Hàng Chính Hãng4',67,8,10550000,1000,0,NULL,'3ee1b6b1a5c7711531589c14dc5a0429.jpg',NULL),(696,'CPU-Bộ xử lý Intel Pentium G3240 - HÀNG CHÍNH HÃNG5',84,8,180000,1000,0,NULL,'bc3b9c0902d36377daf605f986aa92c0.jpg',NULL),(697,'CPU INTEL CORE I3 12100 BOX CHÍNH HÃNG ( 4 NHÂN 8 LUỒNG / 3.3 - 4.3 GHZ / 12MB / INTEL UHD GRAPHICS 730 ) - HÀNG CHÍNH HÃNG6',84,8,3390000,1000,0,NULL,'eba3d77e00514fbbb91d362cbfb7043f.jpg',NULL),(698,'CPU Intel Core i7-12700F (Up to 4.8Ghz, 12 nhân 20 luồng, 25MB Cache, 125W - Socket Intel LGA 1700) - Hàng Chính Hãng7',84,8,8890000,1000,0,NULL,'1a3e89e32a13ea83a5657d9857befb48.jpg',NULL),(699,'Cpu Intel Core i5-12600K New (3.7GHz Turbo 4.9GHz / 10 Nhân 16 Luồng / 20MB / LGA 1700) - Hàng chính hãng8',84,8,6990000,1000,0,NULL,'75b8eb7b1678889e1287bdfefc689e57.jpg',NULL),(700,'CPU G4560 socket 1151_ Hàng Chính Hãng9',84,8,780000,1000,0,NULL,'c2c88361b9020eed9aaefaf1bb81be43.jpg',NULL),(701,'CPU Intel Core i5-12400 (Upto 4.4Ghz, 6 nhân 12 luồng, 18MB Cache, 65W) - Socket Intel LGA 1700) - Hàng chính hãng FPT phân phối10',84,8,5061000,1000,0,NULL,'a4a1e2c68665536391873b2a436e6e8e.png',NULL),(702,'Cpu G3250 + Keo tản nhiệt dùng cho main H81, B85. Socket 115011',41,8,120000,1000,0,NULL,'c13f4f51f397018344f5b49827aa95b9.jpg',NULL),(703,'CPU Intel Core I5 12400F - Hàng Chính Hãng12',84,8,4550000,1000,0,NULL,'fab36505235311caafca74eacf8ce616.jpg',NULL),(704,'CPU Bộ Vi Xử Lý Intel Core i7-11700 (2.9GHz Turbo 4.7GHz, 8 nhân 16 luồng, 20MB Cache, 65W) – SK LGA 1200  - Hàng Chính Hãng13',84,8,8290000,1000,0,NULL,'a62dee639a5250531f6a858c933cb438.jpg',NULL),(705,'CPU Intel Core i5-13500 - Hàng Chính Hãng14',84,8,6690000,1000,0,NULL,'e42108f53b44f54227f55d632d08c3bc.png',NULL),(706,'Bộ vi xử lý CPU AMD Ryzen 3 3200G - Hàng chính hãng15',67,8,3499000,1000,0,NULL,'88b1f37890ad2502feb4e53517fe83df.png',NULL),(707,'CPU BỘ VI XỬ LÝ INTEL CORE I5-10600K 12M, 4.1GHZ TURBO 4.8GHZ CORE 6/12 BOX - Hàng Chính Hãng16',84,8,5350000,1000,0,NULL,'a526be9fca88400dcdf2aac2f8efa8b0.jpg',NULL),(708,'Bộ vi xử lý CPU INTEL Core I5 3470 3.2Ghz - Hàng nhập khẩu17',84,8,374000,1000,0,NULL,'a665cee07e5b4a29310f2db72ed49728.jpg',NULL),(709,'CPU INTEL Core i9-12900K (16C/24T, 2.40 GHz - 3.20 GHz, 30MB) - socket 1700 - Hàng Chính hãng18',21,8,15600000,1000,0,NULL,'49a2e896f71078f0ff5bf1a391a2395d.jpeg',NULL),(710,'Bộ Vi Xử Lý CPU Intel Core I5 13400F - Hàng Chính Hãng19',84,8,6999000,1000,0,NULL,'ca0ecba4fca45d1fcf5f40c6e6e16671.png',NULL),(711,'Bộ vi xử lý Intel CPU Core I3 2120 - Hàng chính hãng20',84,8,190000,1000,0,NULL,'33b72155bc6b2d88b2df72cccf7d1947.jpg',NULL),(712,'CPU Intel Core i5 11400 4.4GHz (Socket 1200, 6 nhân 12 luồng 12Mb 65W) - Hàng chính hãng FPT phân phối21',84,8,3979000,1000,0,NULL,'97cc30947882d69b02389d3f586a7714.png',NULL),(713,'Bộ vi xử lý CPU Intel Core i9-12900K (3.9GHz turbo up to 5.2Ghz, 16 nhân 24 luồng, 30MB Cache, 125W, Socket Intel LGA 1700/Alder Lake) - Hàng Chính Hãng22',84,8,16090000,1000,0,NULL,'22444f33f5c2bbeeebcb8951576470a7.jpg',NULL),(714,'Bộ Vi Xử Lý CPU Intel Core i5-12400F Socket Intel LGA 1700 - Hàng Chính Hãng23',84,8,4950000,1000,0,NULL,'157483a6c28f533f59cb6923c6451e26.jpg',NULL),(715,'CPU Intel Core i5-10400F (2.9GHz turbo up to 4.3Ghz, 6 nhân 12 luồng, 12MB Cache, 65W) - Socket Intel LGA 1200 - Hàng Chính Hãng24',84,8,2650000,1000,0,NULL,'d342f555b422d3df9109d333dcb229f5.png',NULL),(716,'CPU Intel Core i7-13700F - Hàng Chính Hãng25',84,8,10450000,1000,0,NULL,'e70d5acba83518adc4da4ce535d4107b.png',NULL),(717,'CPU Intel Core i5-11400F Socket Intel LGA 1200 - Hàng Chính Hãng26',84,8,4250000,1000,0,NULL,'3bd5316615d0c91e757843ce93638362.jpg',NULL),(718,'Bộ vi xử lý Intel CPU Pentium G6400 4MB, 4.00GHZ CORE 2/4 (Socket 1200 gen10 ) - Hàng chính hãng27',84,8,1630000,1000,0,NULL,'b5355fe0c671ff91ea20cb59b9ae05ed.jpg',NULL),(719,'chip I3 2100 cpu i3 2100 kèm keo tản nhiệt lắp main socket 1155 Intel - Hàng Chính Hãng28',84,8,256000,1000,0,NULL,'20b50e40fdd30a6054dc4ff5f888a204.jpg',NULL),(720,'Bộ Vi Xử Lý CPU INTEL CORE i3 10100F + i3 10100 BOX CHÍNH HÃNG29',84,8,1890000,1000,0,NULL,'3f924f1729860fbdb38599e71836d822.jpg',NULL),(721,'CPU Intel Core i9-12900KF (3.9GHz turbo up to 5.2Ghz, 16 nhân 24 luồng, 30MB Cache, 125W) - Socket Intel LGA 1700/Alder Lake) - Hàng Chính Hãng30',84,8,16450000,1000,0,NULL,'80c0fc449ec59d74a4abfa6634dde40e.jpg',NULL),(722,'CPU Bộ Xử Lý Intel Core i5-11600K (3.9GHz turbo up to 4.9Ghz, 6 nhân 12 luồng, 12MB Cache, 125W) LGA 1200 NEW- Hàng Chính Hãng31',84,8,7990000,1000,0,NULL,'e5f52d09ab3c8b1291418860958fd796.jpg',NULL),(723,'Bộ Vi Xử Lý CPU AMD Ryzen ATHLON 3000G - Hàng Chính Hãng32',67,8,1380000,1000,0,NULL,'c7c1ea0643be91576297d09e7491eb38.jpg',NULL),(724,'Bộ Vi Xử Lý CPU AMD Ryzen Processors 5 3400G - Hàng Chính Hãng33',67,8,4490000,1000,0,NULL,'1c17976efe3680459b7e1b793068c2c1.jpg',NULL),(725,'CPU INTEL Core i5-11400F (6C/12T, 2.60 GHz - 4.40 GHz, 12MB) - 1200 - Hàng Chính Hãng34',84,8,3130000,1000,0,NULL,'3042c85e7bc6bb55c4747abcf32834d5.jpg',NULL),(726,'Bộ xử lý Intel Xeon E3-1220 v3 CPU mạnh ngang i5 4570 tặng kèm keo tản nhiệt35',84,8,490000,1000,0,NULL,'feb9a7110689872ea759593ae161951a.jpg',NULL),(727,'Bộ Vi Xử Lý CPU Intel Core i3 10105F - Hàng Chính Hãng36',84,8,1790000,1000,0,NULL,'9b4ca5821296432c78b730155f520519.jpg',NULL),(728,'Bộ vi xử lý CPU Intel Core i9-12900 (5.0GHz, 16 Nhân 24 Luồng, 30M Cache, Socket 1700/Alder Lake) - Hàng Chính Hãng37',84,8,14790000,1000,0,NULL,'f15665349963b36d11ec31fce9f28f2a.jpg',NULL),(729,'Bộ vi sử lý Core i3 6100 / i5 6500 / i7 6700 cpu socket 1151. Tặng kèm keo tản nhiệt38',41,8,1086000,1000,0,NULL,'0aa38632b6eefc456f3a5fec1995aca9.jpg',NULL),(730,'Bộ Vi Xử Lý CPU AMD Ryzen 3 3200G - Hàng Chính Hãng39',67,8,2890000,1000,0,NULL,'b1c57ae6354a4d9f9db8a99df7b03f25.jpg',NULL),(731,'CPU Intel Core i5-12400F (Upto 4.4Ghz, 6 nhân 12 luồng, 18MB Cache, 65W) - Socket Intel LGA 1700) - Hàng Chính Hãng40',84,8,4290000,1000,0,NULL,'5a4175108eabb912ba3de34845dffede.jpg',NULL),(732,'CPU Intel Pentium G3250 3.2GHz - Hàng Chính Hãng41',84,8,199000,1000,0,NULL,'270b8836e5948df67f06d0b9f1f0308c.jpg',NULL),(733,'VGA Card màn hình ARMOR RX 580 8GB GDDR52',41,9,1566000,1000,0,NULL,'80e4d3b8a710583dba12fff711e36da1.png',NULL),(734,'Card Màn Hình Asus Tuf Gaming GTX 1660 Super OC 6GB GDDR6 - Hàng Chính Hãng3',3,9,5490000,1000,0,NULL,'5ba0e3e2bc371e6fb35d15934705dc1c.jpg',NULL),(735,'VGA Gigabyte GT 730 2G GDDR5 (GV-N730D5-2GL) - Hàng Chính Hãng4',7,9,1390000,1000,0,NULL,'937b69f49dfaca277f1b113728cb51b5.png',NULL),(736,'Card màn hình VGA Asus GT730-SL-2GD5 BRK - Hàng Chính Hãng5',3,9,1440000,1000,0,NULL,'e5e80c8370bad00f0ac60efdea254f84.png',NULL),(737,'Card màn hình Nvidia Quadro 600 1Gb - 128bit GDDR3 - Chuyên dùng vẽ đồ họa cho máy Bộ - Hàng Chính Hãng6',85,9,790000,1000,0,NULL,'de0b04161f58fd276a6afcbca5965a34.png',NULL),(738,'Card Nvidia Tesla K80 24GB GDDR5 768 bit7',41,9,6499000,1000,0,NULL,'ab2c0503193372bb323ab40c7badc661.jpg',NULL),(739,'Card đồ họa Nvidia Quadro P1000 4GB GDDR5 128bit8',41,9,4499000,1000,0,NULL,'5b6b32e1d1f87090397c0a0a0f296327.jpg',NULL),(740,'VGA (Cạc màn hình) GIGABYTE GeForce GTX 1660Ti 6GB/D6/2FAN - HÀNG CHÍNH HÃNG9',7,9,5500000,1000,0,NULL,'82cfb272b24e13b869d00bab33b4b5df.jpg',NULL),(741,'Card màn hình Nvidia Quadro 2000 1Gb GDDR5 128 bit10',41,9,649000,1000,0,NULL,'9b34c0926ea39ea6be1d709313458d14.jpg',NULL),(742,'Card màn hình Nvidia Quadro M4000 8GB GDDR5 256bits11',41,9,4599000,1000,0,NULL,'3985deb177f5fa8ef1117e5397eeee62.jpg',NULL),(743,'Card màn hình Nvidia Quadro 600 1Gb - 128bit GDDR3 - Chuyên dùng vẽ đồ họa cho máy Bộ - Hàng Chính Hãng12',85,9,586000,1000,0,NULL,'a5c8f01ea1e82280a270aef44c245cc3.png',NULL),(744,'Card Màn Hình Gigabyte RX 6600 Eagle 8GB GDDR6 - Hàng Chính Hãng13',7,9,5250000,1000,0,NULL,'a8f9933c58caa49e6bf64718f6ea3937.jpg',NULL),(745,'Card Màn Hình Gigabyte RTX 3060 Gaming OC 12GB GDDR6 - Hàng Chính Hãng14',7,9,9490000,1000,0,NULL,'9a12f710ed10a6e3c1e4b86a6eb5d78f.jpg',NULL),(746,'Card Màn Hình MSI RX6700 XT GAMING X 12GB GDDR6 - Hàng Chính Hãng15',1,9,8590000,1000,0,NULL,'1faf321d07323ce3319646dbf2c0b184.jpg',NULL),(747,'Cạc Màn Hình Vga Gigabyte RTX 4090 Aorus Xtreme Waterforce 24GB GDDR6X (GV-N4090AORUSX W-24GD) - Hàng Chính Hãng16',7,9,60000000,1000,0,NULL,'e6fd6bd2e730793d57dd6748b7194c42.jpg',NULL),(748,'Card Màn Hình Asus Tuf Gaming RTX 3060 Ti OC 8GB V2 - Hàng Chính Hãng17',3,9,11790000,1000,0,NULL,'b62edf8fcaf5c7e3e5527dff550a2dd1.jpg',NULL),(749,'Card Màn Hình - VGA GIGABYTE GeForce RTX 3060 GAMING OC 12G (GV-N3060GAMING OC-12GD) - Hàng Chính Hãng18',7,9,8790000,1000,0,NULL,'385e8a510022c1a80ec645e65300e146.png',NULL),(750,'Card Màn Hình Gigabyte RTX 3060 Aorus Elite 12GB GDDR6 - Hàng Chính Hãng19',7,9,10390000,1000,0,NULL,'bc5f24612b60476adabe52774162560d.jpg',NULL),(751,'Card Màn Hình Asus Tuf Gaming GTX 1650 4GB GDDR6 - Hàng Chính Hãng20',3,9,5999000,1000,0,NULL,'1bd0657dd006a9f48a51a3abf1705dc3.jpg',NULL),(752,'VGA GIGABYTE GTX 1050 Ti Windforce OC 4G -Hàng chính hãng21',7,9,3490000,1000,0,NULL,'a18a3ada7fc596a230cb4fdd74a7c314.jpg',NULL),(753,'Card màn hình Zotac Gaming GeForce RTX 3060 Twin Edge 12GB GDDR6 192 bit - hàng chính hãng22',86,9,9980000,1000,0,NULL,'ae7a5cd0a7f3909225f812d1b8c9291c.jpg',NULL),(754,'Card Màn Hình Gigabyte Radeon RX 580 Gaming 8GB - Hàng Chính Hãng23',7,9,4190000,1000,0,NULL,'6e2798c7b48371a0f4b6ded8845e208e.jpg',NULL),(755,'Card Màn Hình Colorful iGame RTX 3060 Ultra White OC 12GB GDDR6 - Hàng Chính Hãng24',9,9,9490000,1000,0,NULL,'8695dbbafc697f727b4162b823c598eb.jpg',NULL),(756,'Cạc Màn Hình MMSI GeForce RTX 4090 GAMING X TRIO 24G - Hàng Chính Hãng25',1,9,54967000,1000,0,NULL,'15cfd58855f6e999283e16da25451314.jpg',NULL),(757,'Card Màn Hình Msi Radeon RX 6500 XT Mech 2X 4GB OC - Hàng Chính Hãng26',1,9,3690000,1000,0,NULL,'2e81687716dac402007cb89c3480defb.jpg',NULL),(758,'Card màn hình Colorful GeForce RTX 4090 24GB NB EX-V - Hàng Chính Hãng27',9,9,48499000,1000,0,NULL,'8d0bc6869d85cbf25b699f95f30d6771.JPG',NULL),(759,'Card màn hình Zotac Gaming GeForce RTX 2060 Twin Fan (ZT-T20600F-10M)-- Hàng Chính Hãng28',86,9,6900000,1000,0,NULL,'0e5f035a8d35e08763ff894d29a3e008.jpg',NULL),(760,'Card Màn Hình VGA ASUS TUF-GTX1660S-O6G-GAMING - Hàng Chính Hãng29',3,9,5290000,1000,0,NULL,'1e44daab648a14d60db4161280063f03.jpg',NULL),(761,'Card màn hình Nvidia Quadro 600 1Gb - 128bit GDDR330',41,9,549000,1000,0,NULL,'f102cd0f2d933233aeca2e29baf74160.jpg',NULL),(762,'Card đồ họa GIGABYTE GeForce RTX 3060 EAGLE 12G (GV-N3060EAGLE-12GD) -- Hàng Chính Hãng31',7,9,8700000,1000,0,NULL,'974329907bd704d6484fcf6e65e86326.png',NULL),(763,'Card màn hình (Card VGA) Gigabyte GT 730 (GV-N730D5-2GI, Rev 2.0) Hàng chính hãng, giá rẻ, bảo hành 2 tháng32',7,9,670000,1000,0,NULL,'603c7799ea6d64cdf7ec7caa7badc046.jpg',NULL),(764,'VGA (Cạc màn hình) MSI GTX 1050 AERO ITX 2G OC - HÀNG CHÍNH HÃNG33',1,9,2850000,1000,0,NULL,'51f6170608f6870bd25d4ad2f0674d9d.jpg',NULL),(765,'Card màn hình Nvidia Quadro K620 2GB 128-bit GDDR334',41,9,1089000,1000,0,NULL,'820f2a69db1ec86d20eff6e5924962f9.jpg',NULL),(766,'Card Màn Hình - VGA GIGABYTE Radeon RX 6500 XT EAGLE 4G (GV-R65XTEAGLE-4GD) - Hàng Chính Hãng35',7,9,4290000,1000,0,NULL,'19a206dd26052f5a45eb728f2c061f20.png',NULL),(767,'Card màn hình VGA MSI GeForce GT730 2GB 64bit DDR3 LPV1  - Hàng Chính Hãng36',1,9,1550000,1000,0,NULL,'572fa624a04195dfd3bf5e167c6f34dc.jpg',NULL),(768,'Card màn hình Colorful iGame GeForce RTX 4090 24GB Vulcan OC-V - Hàng chính hãng37',9,9,58399000,1000,0,NULL,'5ae85cdce4dfad4c6414c2c30e8bd68a.jpg',NULL),(769,'Card màn hình NVIDIA QUADRO K4000 3Gb GDDR5 192 bit38',41,9,1899000,1000,0,NULL,'6b72070143c514164be623370a0574cd.jpg',NULL),(770,'Card Màn Hình Gigabyte RTX 2060 Super Windforce OC 8G - Hàng Chính Hãng39',7,9,7130000,1000,0,NULL,'df1b1156f628b292683cf72eaead48e3.jpg',NULL),(771,'Card màn hình Nvidia Quadro K5000 4GB GDDR5 256bit40',41,9,2899000,1000,0,NULL,'86d72d90c75f1c297306aad62bfde0da.jpg',NULL),(772,'Card Màn Hình Gigabyte RTX 3060Ti Gaming OC 8GB GDDR6 - Hàng Chính Hãng41',7,9,11090000,1000,0,NULL,'7979c24283e8711e2730a55321a825ec.jpg',NULL),(773,'Card Màn Hình Galax GeForce RTX 3090 Ti HOF - Hàng chính hãng1',87,9,68900000,1000,0,NULL,'7a330e70b4a3a1c7bc6bd6ebb5e3a0b3.png',NULL),(774,'Card màn hình Colorful iGame GeForce RTX 4080 16GB Nep.tune OC-V - Hàng chính hãng2',9,9,52497000,1000,0,NULL,'a581913abe380441cc11a800a0ebc570.jpg',NULL),(775,'Card Màn Hình - VGA MSI RTX 3070 Ti VENTUS 3X 8G OC - Hàng Chính Hãng3',1,9,17900000,1000,0,NULL,'c4720fc1f4f423c48d03ad40c9b6b776.png',NULL),(776,'Card Màn Hình MSI Geforce GT 1030 2GD4 LP OC - Hàng Chính Hãng4',1,9,2590000,1000,0,NULL,'13dc6af1d3f5d254f1ccaa0d2e20ca50.PNG',NULL),(777,'Card Màn Hình Gaming ASUS TUF-GTX1660-O6G-GAMING - Hàng Chính Hãng5',3,9,6790000,1000,0,NULL,'3443eb7c88d489cf8660c6c8eaec2e9a.jpg',NULL),(778,'Card màn hình Nvidida Quadro K620 2GB 128 bit. Hàng Nhập Khẩu. Tặng kèm đầu chuyển DVI sang VGA6',88,9,1390000,1000,0,NULL,'2e23e6bf533bc8cce2deab30db824de5.jpg',NULL),(779,'VGA (Cạc màn hình) GIGABYTE NVIDIA GeForce GTX 1050 2GI/D5/2FAN - HÀNG CHÍNH HÃNG7',7,9,3250000,1000,0,NULL,'26c71112391f455b29521b98e20a8b2a.jpg',NULL),(780,'Card Màn Hình Colorful iGame GeForce RTX 3050 Ultra W OC V2 8G-V 3 FAN - Hàng Chính Hãng8',9,9,8547000,1000,0,NULL,'4566390457e1d233c91d7116b3e3125c.jpg',NULL),(781,'Card màn hình Nvidia Quadro K600 1Gb - 128bit GDDR39',41,9,599000,1000,0,NULL,'2fa33a44db9deb61becb015ee6d47d04.jpg',NULL),(782,'Card màn hình Nvidia Quadro K2200 4GB 128-bit GDDR510',41,9,1849000,1000,0,NULL,'e67539e7e1f761e074a3ea1eaca00ecc.jpg',NULL),(783,'Card Màn Hình AFOX RADEON RX550 4GB GDDR5 - Hàng Chính Hãng11',63,9,2990000,1000,0,NULL,'668dfe3b2626ca0a5f50d9d84e062294.jpg',NULL),(784,'Card Màn Hình VGA ASUS PH-GTX1050TI 4GB 128bit 1Fan HDMI DVI DP - Hàng Chính Hãng12',3,9,4595000,1000,0,NULL,'0cbb979fc37a08a88ed2a6ae6903e49b.jpg',NULL),(785,'Card đồ họa VGA Palit GT 1030 NEC103000646-1082F - Hàng Chính Hãng13',89,9,2390000,1000,0,NULL,'e2b473e6b858423f838b0a3f6fb3dad5.jpg',NULL),(786,'Card màn hình MSI Radeon RX6600 MECH 2X 8GB - Hàng Chính Hãng14',1,9,6890000,1000,0,NULL,'ec47b9fb677cb6d8a48c6b5c04769f6a.jpg',NULL),(787,'Card màn hình MSI RTX 3080 Ti GAMING X TRIO 12G - Hàng Chính Hãng15',1,9,44500000,1000,0,NULL,'68a4a85d8a29bbc8f4db0ca080de8b6d.jpg',NULL),(788,'Card Màn Hình VGA ASUS ROG STRIX GTX1650 O4G GAMING GDDR5 4GB 128-bit - Hàng Chính Hãng16',3,9,6750000,1000,0,NULL,'ad7d49f224f97574ec6550319062b50f.jpg',NULL),(789,'Card Màn Hình Gaming ASUS TUF-GTX1660TI-O6G-GAMING - Hảng Chính Hãng17',3,9,6450000,1000,0,NULL,'370a7e4842810e191b1dd37ec3127ee3.jpg',NULL),(790,'Card GPU Nvidia Tesla K20 5GB GDDR5 320 bit18',41,9,1799000,1000,0,NULL,'422a7b2eccfe22067d5167c188e78aff.jpg',NULL),(791,'Card Màn hình Asus Dual GTX 1650 4G - Hàng chính hãng19',3,9,5790000,1000,0,NULL,'888ca19fa3a554436372d02e3cebe56a.jpg',NULL),(792,'Card màn hình MSI RTX 2060 Super VENTUS GP OC VRAM 8GB GDDR6 -Hàng Chính Hãng20',1,9,7390000,1000,0,NULL,'787616f82fb1e4da277d3454ae79a13e.jpg',NULL),(793,'CARD MÀN HÌNH Gigabyte GT 1030 OC 2G- HÀNG CHÍNH HÃNG21',7,9,2750000,1000,0,NULL,'79eae8978f705cb94c5e5c82b74c769f.jpg',NULL),(794,'Card màn hình Gigabyte GeForce RTX 2060 6GB D6 (GV-N2060D6-6GD) - Hàng chính hãng Viễn Sơn phân phối22',7,9,6350000,1000,0,NULL,'e229521cc1292ee962573987e40d80da.png',NULL),(795,'Card màn hình NVIDIA Quadro M5000 8GB GDDR5 256bit23',41,9,9499000,1000,0,NULL,'6d761db6cc55710fd6ed5263cd0ad8af.jpg',NULL),(796,'Card Màn Hình VGA MSI GT1030 AERO ITX 2G OC 64BIT 1 Fan HDMI DVI - Hàng Chính Hãng24',1,9,2325000,1000,0,NULL,'fc8073f2487172414a267232e7512c93.jpg',NULL),(797,'Card Màn Hình VGA MSI GTX1050 Ti 4GT OCV1 128BIT 2 Fan DP HDMI DVI - Hàng Chính Hãng25',1,9,5897000,1000,0,NULL,'cc55701d0a86e80a2a9e9dc1a2853169.jpg',NULL),(798,'Card màn hình MSI RTX 3090 SUPRIM X 24G (24GB GDD6X, 384-bit, HDMI +DP, 3x8-pin) - Hàng Chính Hãng26',1,9,36000000,1000,0,NULL,'3254b57864f3d0b67fe6ce551566ce47.jpg',NULL),(799,'Card màn hình GIGABYTE GeForce GTX 1650 4GB GDDR5 OC (GV-N1650OC-4GD) - Hàng Chính Hãng27',7,9,4250000,1000,0,NULL,'5f291ef2fbe29b5c8a2e7bb471b97a4a.jpg',NULL),(800,'Card màn hình MSI RX 6600 XT MECH 2X 8G OC/OCV1 - Hàng Chính Hãng28',1,9,9000000,1000,0,NULL,'7b42b53364c6e85c64ca65c6ed604d4a.png',NULL),(801,'Card màn hình ZOTAC GAMING GeForce GTX 1650 AMP - HÀNG CHÍNH HÃNG29',86,9,3750000,1000,0,NULL,'82e325ad3fcf6032b33a4de9d18c16f9.jpg',NULL),(802,'Card GPU Nvidia Tesla K40 12GB DDR5 384-bits30',41,9,2799000,1000,0,NULL,'39ebeddccddf8b7aee4f924039b326bf.jpg',NULL),(803,'Card Màn Hình INNO3D GEFORCE GTX 1660 SUPER TWIN X2 6GB31',90,9,15500000,1000,0,NULL,'1451966a27978f36bea7129134ecc0b9.jpg',NULL),(804,'VGA Card màn hình RX580 8GB GDDR5 ARMOR32',41,9,1551000,1000,0,NULL,'35a181f67566f9d2056ad0052c86324d.png',NULL),(805,'Card màn hình Nvidia Quadro K2000 2GB GDDR5 128Bit33',41,9,1349000,1000,0,NULL,'44d1214db9c0bb57b5078e111bd9b537.jpg',NULL),(806,'MSI GeForce N730K-2GD3H/LPV1 Graphics Card -Hàng Chính Hãng34',1,9,1380000,1000,0,NULL,'aca0d266f9baa2b7abf03fbac46ca109.jpg',NULL),(807,'Card màn hình GIGABYTE GeForce GTX 1650 4GB GDDR5 OC (GV-N1650OC-4GD)-Hàng Chính Hãng35',7,9,4200000,1000,0,NULL,'5f674b60918149561e67a8ccea78ec28.png',NULL),(808,'Card Màn Hình Colorful iGame GeForce RTX  3080 Ti Advanced OC -V - Hàng Chính Hãng36',9,9,28050000,1000,0,NULL,'76f3da8f5f006e69504e5645d55aac3e.jpg',NULL),(809,'Card màn hình GIGABYTE GeForce GT 1030 2GB GDDR5 OC (GV-N1030OC-2GI) - Hàng chính hãng37',7,9,2690000,1000,0,NULL,'a23c4f5afd2dba2c4a1979b5b757ed44.jpg',NULL),(810,'Card màn hình Nvidia Quadro K5200 8GB GDDR5 256 Bit38',41,9,4899000,1000,0,NULL,'c13c156deed7df938ad0e2363a9007f6.jpg',NULL),(811,'Card Màn Hình Colorful iGame GeForce RTX 3060 Ultra W OC 12G L-V - Hàng Chính Hãng39',9,9,9469000,1000,0,NULL,'9bd05bc3111a7a4eae6520243f7a6527.jpg',NULL),(812,'Card màn hình Colorful GeForce RTX 4080 16GB NB EX-V - Hàng Chính Hãng40',9,9,46552000,1000,0,NULL,'edd262b7c099e28df52546d3ec927ed0.JPG',NULL),(813,'Đồng Hồ Định Vị Trẻ Em Y92 ️️ Hỗ Trợ Tiếng Việt, Kháng Nước IP67 - Lắp Sim Nghe Gọi, Định Vị LPS, 4G/WIFI1',41,10,522500,1000,0,NULL,'06c223cabf6aaef1b15622a5bacc6f08.jpg',NULL),(814,'Apple Watch Series 8 GPS Sport Band2',10,10,9790000,1000,0,NULL,'d02de8b627958ef245d2255b5876c1c4.png',NULL),(815,'Đồng Hồ Đeo Tay M3 LED Màn Hình Cảm Ứng Thông Minh Chống Thấm Nước Cho Hoc Sinh - Hàng Chính Hãng3',41,10,20000,1000,0,NULL,'5e3b2b82d7f0dae7d927dac707b90192.png',NULL),(816,'Đồng hồ Thông minh Định vị có Rung, gọi Điện thoại, Video Call, thay được Nhạc chuông AMA Watch D36 Tiếng Việt dành cho Trẻ em, Học sinh Hàng nhập khẩu4',91,10,1770001,1000,0,NULL,'fd8163c38bf4e5d768c283fe3243a4ed.jpg',NULL),(817,'VÒNG TAY ĐỒNG HỒ THÔNG MINH M4 (FULL BOX5',41,10,139000,1000,0,NULL,'6fed6dd21eec91e2558df5bae0b1f987.jpg',NULL),(818,'Đồng Hồ Thủy Quân Lục Chiến SANDA 739 - Tích Hợp 2 Máy Điện Tử & Quartz Chạy Song Song - Phong Cách Thể Thao Sang Trọng6',92,10,295000,1000,0,NULL,'61d1871d11b21cdbaacd63d933c20564.jpg',NULL),(819,'Đồng Hồ Thông Minh Smart Watch Thay Được Ảnh Nền DOHORA VN YD20 Kiểu Thể Thao Chống Nước, Theo Dõi Sức Khỏe Và Vận Động Kết Nối Smartphone - Hàng Nhập Khẩu7',93,10,189000,1000,0,NULL,'4de450da68c34b3b065b0f582393bc98.jpg',NULL),(820,'Đồng hồ Thông minh Gọi Video Call 4G, GPS, Wifi Chống nước Định vị Chuẩn AMA Watch LT36 có 3 màu Đen Hồng Xanh Hàng nhập khẩu8',91,10,1148001,1000,0,NULL,'2ce5341c1c0a2460bebcff56921b5fdd.jpg',NULL),(821,'Đồng Hồ Thông Minh Theo Dõi Vận Động Garmin Lily - Hàng Chính Hãng9',94,10,4990000,1000,0,NULL,'6092bd67db470b85bde9e753907129c9.png',NULL),(822,'Apple Watch Series 3 GPS Sport Band (Viền Nhôm, Dây Cao Su) - Silver10',10,10,4790000,1000,0,NULL,'4bcc99a1b3ada8856b2aa122c03b17bc.jpg',NULL),(823,'Đồng Hồ Thông Minh Fitbit Inspire 3 - Hàng Chính Hãng11',95,10,2270000,1000,0,NULL,'4d5894db791f90658bc04a7598c67605.jpg',NULL),(824,'(New Version)Đồng Hồ Thông Minh Amazfit GTS 2 Mini - Tích Hợp GPS - Đo Nồng Độ SPO2 trong máu - Theo dõi Nhịp Tim - Hàng Chính Hãng12',96,10,1680000,1000,0,NULL,'2567762f763de4421b3fe2e4f3f4a0a5.png',NULL),(825,'Đồng hồ thông minh Samsung Galaxy Watch 4 Classic  BLUETOOTH 46mm( R890)- Hàng Chính hãng13',16,10,4250000,1000,0,NULL,'76b2dbd911057ef691a8553f684b11fa.jpg',NULL),(826,'Đồng hồ Thông minh Cho Trẻ em, Học sinh, Sinh viên Định vị Wifi gọi Điện thoại, Video call AMA Watch C90 Hàng nhập khẩu14',91,10,1204001,1000,0,NULL,'9dc7140d6d5b9da95e9beb455054bc11.jpg',NULL),(827,'Đồng hồ thông minh DZ09 nghe gọi online15',41,10,180000,1000,0,NULL,'77ce16b001d3ee1c53886ba918be13b0.jpg',NULL),(828,'Đồng hồ thông minh T900 Pro Max Series 8 màn hình cảm ứng nghe nhận cuộc gọi bluetooth, theo dõi sức khoẻ đo nhịp tim huyếp áp - hàng chính hãng16',97,10,237500,1000,0,NULL,'167c90c5cade0daf85b83362948532be.jpg',NULL),(829,'Đồng hồ Thông minh Gọi Video Call gắn Sim Độc lập Ngôn ngữ Tiếng Việt AMA Watch C80 - Hàng nhập khẩu17',91,10,800001,1000,0,NULL,'70e39421e9d33aead151dea354a9adec.jpg',NULL),(830,'Đồng Hồ Thông Minh SmartWatch Tagobee KT60 Thời Trang Không Thấm Nước.Nhiều Chế Độ Thể Thao/Đo Huyết Áp,Nhịp Tim,Calo,Oxy.Nghe Gọi Hai Chiều.Dành Cho Nam và Nữ. Hàng Chính Hãng18',98,10,1050560,1000,0,NULL,'1cae4b8bb8301cafb97f6d94061287fc.jpg',NULL),(831,'Đồng Hồ Thông Minh Trẻ Em Chống Nước Chuẩn IP67 AMA Watch Q12 Hàng nhập khẩu19',91,10,299001,1000,0,NULL,'e2df8ca04a2c8e56f1b0e746b2a97f07.jpg',NULL),(832,'Apple Watch SE 2022 GPS Sport Band20',10,10,6290000,1000,0,NULL,'010d40204dad8481cd24018c2b2ffa24.jpg',NULL),(833,'Đồng hồ Thông minh Định vị có Rung, gọi Điện thoại, Video Call, thay được Nhạc chuông AMA Watch D36 Tiếng Việt dành cho Trẻ em, Học sinh Hàng nhập khẩu21',91,10,1770001,1000,0,NULL,'3d96e3244f932c9729f5e9c05b7a8eed.jpg',NULL),(834,'Đồng hồ Thông minh Chống nước IP67 Dành cho Trẻ em nhuẩn AMA Watch Q16S Hàng chính hãng22',91,10,392001,1000,0,NULL,'e876c1206567e093014e4fdb23251a54.jpg',NULL),(835,'Đồng Hồ Thông Minh HUAWEI WATCH GT 3 42mm |Theo Dõi Spo2 Cả Ngày | Huấn Luyện Viên Chạy Bộ AI | Thời Lượng Sử Dụng Pin Dài | Hàng Chính Hãng23',57,10,3990000,1000,0,NULL,'38ff1b8aeb7e19235414d1b47b29fc04.png',NULL),(836,'Đồng Hồ Thông Minh Amazfit Bip U - Hàng Chính Hãng24',18,10,739000,1000,0,NULL,'044cc335e51d2e2bcfcd25bee8bca088.png',NULL),(837,'Đồng Hồ Thông Minh cho Trẻ em 6 tuổi, 7 tuổi, 8 tuổi, 9 tuổi, 10 tuổi, 11 tuổi Lắp Sim Độc lập nghe gọi 2 chiều AMA Watch Y92 Chống nước Định vị Wifi độ chính xác cao Hàng nhập khẩu25',91,10,597001,1000,0,NULL,'ec738a88b96af2a674a4ff76801ef8a7.jpg',NULL),(838,'Đồng Hồ Thông Minh Smart Watch Thay Được Ảnh Nền DOHORA VN YD20 Kiểu Thể Thao Chống Nước, Theo Dõi Sức Khỏe Và Vận Động Kết Nối Smartphone - Hàng Nhập Khẩu26',93,10,189000,1000,0,NULL,'8f6fde5bb34de525a63a9a5efb85c76f.jpg',NULL),(839,'Đồng Hồ Thông Minh Trẻ em AMA Q12S Model mới nhất ra mắt tháng 12/2021 - Hàng nhập khẩu27',91,10,591001,1000,0,NULL,'ff81dd9311856f2487c4b033dc0a61be.jpg',NULL),(840,'Đồng hồ thông minh Samsung Galaxy Watch 4 Classic Bluetooth (46mm) R890 - Hàng Chính Hãng28',16,10,3990000,1000,0,NULL,'5ba8659e40922f6000b62ce5eb880bab.jpg',NULL),(841,'Đồng hồ thông minh OPPO Watch Free - Hàng Chính Hãng29',17,10,1490000,1000,0,NULL,'85979bf7b640a539d1991face96f07a1.jpg',NULL),(842,'Đồng hồ Thông minh Lắp sim Gọi điện thoại định vị chuẩn Model FA58 Chống nước Dành cho Học sinh THCS, THPT và Người lớn Hàng nhập khẩu30',91,10,1573001,1000,0,NULL,'c1e8dc42e89d327db3209c626cf3abd4.jpg',NULL),(843,'Đồng hồ thông minh LivWell Frost - Hàng Chính Hãng - Bảo Hành 12 Tháng 1 Đổi 1 - XÁM LẠNH31',99,10,699000,1000,0,NULL,'2c1f6ae1bdbb62875f4514628d5b83d6.jpg',NULL),(844,'Đồng Hồ Thông Minh Fitbit Inspire 3 - Hàng Chính Hãng32',95,10,2270000,1000,0,NULL,'1de1a103b1b73e2427bb3ccf54f37518.jpg',NULL),(845,'Đồng Hồ Thông Minh HUAWEI WATCH FIT 2 | Màn hình HUAWEI FullView 1.74”| Gọi thoại Bluetooth | Sống khỏe mạnh | Hàng Chính Hãng33',57,10,2690000,1000,0,NULL,'009be335f3b60b557b481a74210d120a.png',NULL),(846,'Đồng Hồ Thông Minh X634',41,10,355000,1000,0,NULL,'709acfd6a76f0969fb72af0ed1a20dcb.jpg',NULL),(847,'Đồng Hồ Q12 Thông Minh Điện Thoại trẻ em - Đồng Hồ Đeo Tay Chống Thấm Nước, định vị cho bé35',41,10,228100,1000,0,NULL,'a7d706a6a9df9a844bb081c5cd7e4868.jpg',NULL),(848,'Đồng hồ thông minh LivWell Frost - Hàng Chính Hãng - Bảo Hành 12 Tháng 1 Đổi 1 - XANH DƯƠNG36',99,10,699000,1000,0,NULL,'540edac413ec32518e7b6b6226a14d52.jpg',NULL),(849,'Đồng hồ Thông minh Dành cho mọi lứa tuổi Định vị chuẩn GPS, Wifi Model FA56 Hàng chính hãng37',91,10,1587001,1000,0,NULL,'3b61e0b792a939f1f44ef75d82143ee7.jpg',NULL),(850,'Đồng hồ thông minh Samsung Galaxy Watch 5 Bluetooth (40mm) R900 - Hàng Chính Hãng38',16,10,4850000,1000,0,NULL,'00554a78ab5136b42a19fa5f09bfdcae.jpg',NULL),(851,'Đồng Hồ Thông Minh Trẻ Em ngôn ngữ Tiếng Việt, Pin sử dụng được 2 ngày, dây đeo có Hoa văn hình Trái tim Dễ thương Model Y85 Pro - Hàng nhập khẩu39',91,10,490001,1000,0,NULL,'b20f754b8634e2113e0c2c4c63f9dc1b.jpg',NULL),(852,'Đồng Hồ Thông Minh AMA Watch Nam Nữ chống nước | Gọi điện thoại Xem tin nhắn Theo dõi Sức khỏe vận động Thiết kế nhỏ gọn Thời trang Hàng nhập khẩu40',91,10,1253001,1000,0,NULL,'f7eae7468d71bad8f3a2c606cc3fcd79.jpg',NULL),(853,'Đồng Hồ Thông Minh cho Trẻ em 6 tuổi, 7 tuổi, 8 tuổi, 9 tuổi, 10 tuổi, 11 tuổi Lắp Sim Độc lập nghe gọi 2 chiều AMA Watch Y92 Chống nước Định vị Wifi độ chính xác cao Hàng nhập khẩu41',91,10,597001,1000,0,NULL,'867e76476fe5ca8a5285e66335ab250b.jpg',NULL),(854,'Đồng hồ Định vị Thông minh Gọi Video Call 4G GPS, Wifi, Pin Trâu Chống nước IP67 Model AMA Watch K9 Hàng nhập khẩu42',91,10,1435001,1000,0,NULL,'4f67e0b7b5c38c5aef168249da91c9c8.jpg',NULL),(855,'Đồng Hồ Định Vị Trẻ Em Y92 ️️ Hỗ Trợ Tiếng Việt, Kháng Nước IP67 - Lắp Sim Nghe Gọi, Định Vị LPS, 4G/WIFI43',41,10,399000,1000,0,NULL,'0363d45bd843681fec4e0bcc63d08282.jpg',NULL),(856,'Đồng hồ thông minh Soundpeats Watch 2 - Hàng chính hãng44',100,10,769000,1000,0,NULL,'d5b1e30c3ba0206edaed4469e4f18feb.png',NULL),(857,'Đồng hồ thông minh cao cấp Huami Amazfit GTR 3 - GPS độc lập - Hỗ trợ tiếng việt - Theo dõi sức khỏe 24H -  Hàng Chính Hãng45',96,10,3090000,1000,0,NULL,'2597b918194a0f2f10a9c0c958a8a251.png',NULL),(858,'Đồng hồ Định vị Thông minh Gọi Video Call 4G GPS, Wifi, Pin Trâu Chống nước IP67 Model AMA Watch K9 Hàng nhập khẩu46',91,10,1435001,1000,0,NULL,'4f67e0b7b5c38c5aef168249da91c9c8.jpg',NULL),(859,'Đồng Hồ Thông Minh Smart Watch X6 Màn Hình Cong - Đen47',41,10,325000,1000,0,NULL,'bc7e881a187e53dea2133e0881a576bf.png',NULL),(860,'Đồng Hồ Thông Minh Garmin Vivomove Sport -  Hàng Chính Hãng48',94,10,3813000,1000,0,NULL,'021570c3b02c5fc627bdf6d4021a208d.png',NULL),(861,'Đồng hồ Thông Minh AMA Watch K10 Gắn SIM độc lập Dành cho Mọi lứa tuổi Hàng nhập khẩu49',91,10,850000,1000,0,NULL,'4b01e1023df0188b631c67933d847787.jpg',NULL),(862,'Đồng Hồ Thông Minh Cao Cấp Amazfit GTS 4 MINI - Theo dõi sức khỏe 24h - 120 môn thể thao - Định vị 5 vệ tinh - Pin tới 15 ngày - Hàng Chính Hãng50',96,10,2290000,1000,0,NULL,'eecba184e7f034f94039556e97f05f96.png',NULL),(863,'Đồng Hồ Định Vị Trẻ Em Y92 ️️ Hỗ Trợ Tiếng Việt, Kháng Nước IP67 - Lắp Sim Nghe Gọi, Định Vị LPS, 4G/WIFI2',41,10,522500,1000,0,NULL,'06c223cabf6aaef1b15622a5bacc6f08.jpg',NULL),(864,'Đồng hồ thông minh DT3 Mate có NFC Màn hình tròn 1,5 inch Cuộc gọi Bluetooth IP68 Đồng hồ chờ thời gian dài chống nước Theo dõi nhịp tim Theo dõi sức khỏe3',101,10,613287,1000,0,NULL,'8a049dc0cdf1f8a628426906bd4b74d0.jpg',NULL),(865,'Đồng hồ thông minh Garmin Forerunner 55, GPS, KOR/SEA - Hàng chính hãng4',95,10,5290000,1000,0,NULL,'3aa4d93f366b451bd99126aaf11c602b.jpg',NULL),(866,'Đồng Hồ Thông Minh HAYLOU LS02 ( Phiên Bản Quốc Tế Mới Nhất 2020) - Hàng Chính Hãng5',102,10,590000,1000,0,NULL,'07455bc03a772eca5d5f412faf7d84ab.jpg',NULL),(867,'Đồng hồ thông minh Colmi CY7 - Hàng chính hãng6',103,10,299000,1000,0,NULL,'942654612045c84277c0f8367fd7e6cf.jpg',NULL),(868,'Đồng Hồ Thông Minh AMA Watch Nam Nữ chống nước | Gọi điện thoại Xem tin nhắn Theo dõi Sức khỏe vận động Thiết kế nhỏ gọn Thời trang Hàng nhập khẩu7',91,10,1258001,1000,0,NULL,'8ca9f3273103abd3e8a97466712fbf08.jpg',NULL),(869,'Đồng Hồ Thông Minh AMA Watch Nam Nữ chống nước | Gọi điện thoại Xem tin nhắn Theo dõi Sức khỏe vận động Thiết kế nhỏ gọn Thời trang Hàng nhập khẩu8',91,10,1253001,1000,0,NULL,'f7eae7468d71bad8f3a2c606cc3fcd79.jpg',NULL),(870,'Đồng Hồ Thông Minh Smartwatch Cao Cấp X6 Màn Hình Cong9',41,10,898000,1000,0,NULL,'34a88b648f7e5306c6133b04a087dec5.jpg',NULL),(871,'Đồng Hồ Thông Minh Gắn Sim Độc lập Định vị chuẩn GPS Dành cho mọi Lứa tuổi AMA Watch FA69 Hàng chính hãng10',91,10,1553001,1000,0,NULL,'510870cf61267ee4569bbfcd353d22ee.jpg',NULL),(872,'Đồng hồ thông minh Samsung Galaxy Watch 5 Pro Bluetooth (45mm) R920 - Hàng Chính Hãng11',16,10,8450000,1000,0,NULL,'4cfc7586e708d65f8e4859a88513e833.jpg',NULL),(873,'Đồng hồ thông minh LivWell Frost - Hàng Chính Hãng - Bảo Hành 12 Tháng 1 Đổi 112',100,10,699000,1000,0,NULL,'b4f024a5c473ad3308adee1e8a74ef98.jpg',NULL),(874,'Đồng hồ thông minh LivWell Frost - Hàng Chính Hãng - Bảo Hành 12 Tháng 1 Đổi 1 - CAM LỬA13',100,10,699000,1000,0,NULL,'53a112822f81d103d4b62b2f6c670b94.jpg',NULL),(875,'Đồng Hồ Thông Minh Theo Dõi Vận Động Theo Dõi Sức Khỏei Huami Amazfit Bip U / Bip U Pro - Hàng Chính Hãng14',96,10,690000,1000,0,NULL,'42fd13455eea7f5bc70a02844516a73f.png',NULL),(876,'Đồng hồ thông minh trẻ em anncoe A31 nghe gọi hai chiều - định vị Wifi - Ngôn ngữ tiếng việt - dành cho trẻ từ 4 đến 14 tuổi - Hàng Chính Hãng15',104,10,585000,1000,0,NULL,'d2d4c19c0ec0809d91f6a2131b1240c7.jpg',NULL),(877,'Đồng Hồ Thông Minh Trẻ Em HUAWEI WATCH KID 4 Pro | Gọi video HD | Định vị GPS bằng AI | Kháng nước ở độ sâu 50m | Hàng Chính Hãng16',57,10,2690000,1000,0,NULL,'6e05b93663a0f70404873023566cdd06.png',NULL),(878,'Đồng Hồ Thông Minh Garmin Vivomove Sport -  Hàng Chính Hãng17',95,10,3813000,1000,0,NULL,'433f0e668a0f39411e23215cee469a65.png',NULL),(879,'Đồng Hồ Thông Minh X618',41,10,485000,1000,0,NULL,'e2afc2e8d76d102cccd8cdda1d185499.jpg',NULL),(880,'Đồng hồ thông minh T900 Pro Max Series 8 màn hình cảm ứng nghe nhận cuộc gọi bluetooth, theo dõi sức khoẻ đo nhịp tim huyếp áp - hàng chính hãng19',99,10,237500,1000,0,NULL,'167c90c5cade0daf85b83362948532be.jpg',NULL),(881,'Đồng hồ thông minh LivWell Frost - Hàng Chính Hãng - Bảo Hành 12 Tháng 1 Đổi 1 - XANH DƯƠNG20',100,10,699000,1000,0,NULL,'540edac413ec32518e7b6b6226a14d52.jpg',NULL),(882,'Amazfit T-Rex 2 - Đồng hồ thông minh | GPS | Pin đến 24 ngày | Chống nước 100M - Hàng Chính Hãng21',96,10,4390000,1000,0,NULL,'d285e5be47949b0710476c7d8bbec693.png',NULL),(883,'Đồng hồ Điện thoại có 7 GAME Giải trí, Hỗ trợ Thẻ nhớ 32G Music, lắp Sim không cần Đăng ký 4G, Thêm danh bạ dễ dàng không cần ứng dụng - Hàng nhập khẩu22',91,10,500001,1000,0,NULL,'4cc94cc68ded598636a7a91e7f3898c4.jpg',NULL),(884,'Đồng hồ thông minh WIFI nghe gọi SIM 3G 4G có GPS Dual Camera - GIW523',41,10,1560000,1000,0,NULL,'0c42b812cc60f3104e3502c57290ab99.jpg',NULL),(885,'Đồng hồ thông minh LivWell Frost - Hàng Chính Hãng - Bảo Hành 12 Tháng 1 Đổi 1 - XÁM LẠNH24',100,10,699000,1000,0,NULL,'2c1f6ae1bdbb62875f4514628d5b83d6.jpg',NULL),(886,'Đồng Hồ Thông Minh Theo Dõi Vận Động Theo Dõi Sức Khỏe Huami Amazfit GTS 2 - Hàng Chính Hãng25',96,10,2990000,1000,0,NULL,'024761e9c1da58a90fe6830bf64ef0d6.jpg',NULL),(887,'Đồng Hồ Thông Minh Smartwatch Mới Iwo Đồng Hồ Thông Minh D18 Chống Nước Vòng Đồng Hồ Thông Minh Theo Dõi Sức Khỏe/Nam Bluetooth Của Đồng Hồ Thông Minh Smartwatch ^ MK26',41,10,357000,1000,0,NULL,'02d3f2966072bfc13396a0b45dd135da.jpg',NULL),(888,'Đồng Hồ Thông Minh Trẻ Em ngôn ngữ Tiếng Việt, Pin sử dụng được 2 ngày, dây đeo có Hoa văn hình Trái tim Dễ thương Model Y85 Pro - Hàng nhập khẩu27',91,10,490002,1000,0,NULL,'24f7c3e0ad5c175383bca9d9ecfaa084.jpg',NULL),(889,'Đồng hồ Thông minh 25 GAME Y8S có thể Gắn thẻ nhớ 32G Nghe nhạc Lắp Sim gọi Điện thoại không cần App Quản lý Hàng nhập khẩu28',91,10,790001,1000,0,NULL,'dede98c23b8334a444beb1cc329c0b19.jpg',NULL),(890,'Đồng hồ thông minh trẻ em ANNCOE A22S - Nghe Gọi 2 chiều - Định vị LBS - Chống nước - dành cho trẻ từ 4 đến 12 tuổi - Hàng Chính Hãng29',104,10,455000,1000,0,NULL,'55265c09fafda4c4ddb110a29d01ff0d.jpg',NULL),(891,'Bluetooth Smart Watch Heart Rate Blood Pressure Monitor Fitness Tracker Bracelet30',41,10,166000,1000,0,NULL,'5dc753a24072417939e6adb503cdbfb1.jpg',NULL),(892,'Đồng Hồ Thông Minh Lắp Sim Định vị Chuẩn GPS, WIFI Chống nước IP67 Kiểu dáng Thể thao Cá tính cho Trẻ em 4-13 tuổi - Hàng chính hãng31',91,10,1035001,1000,0,NULL,'0ab8b844a685a48ce4850b89e99a1d96.jpg',NULL),(893,'Đồng hồ thông minh LivWell Frost - Hàng Chính Hãng - Bảo Hành 12 Tháng 1 Đổi 1 - CAM LỬA32',100,10,699000,1000,0,NULL,'53a112822f81d103d4b62b2f6c670b94.jpg',NULL),(894,'Đồng hồ thông minh DT3Pro Max có NFC Màn hình tròn 1,45 inch Cuộc gọi Bluetooth IP67 Đồng hồ chờ dài chống nước Theo dõi nhịp tim Theo dõi sức khỏe33',101,10,728000,1000,0,NULL,'dd2756e6c6ed4cad78bf352b9568b2a7.jpg',NULL),(895,'Đồng Hồ Thông Minh Xiaomi Mibro A1 Màn Hình HD-Hàng chính hãng34',105,10,767359,1000,0,NULL,'188f28f17755cd2e9bd0d57f8d735374.jpg',NULL),(896,'Đồng hồ Thông minh Trẻ em (Trai, Gái) 6 tuổi, 7 tuổi, 8 tuổi, 9 tuổi, 10 tuổi, 11 tuổi Chống nước IP67 Gọi Video call Định vị GPS, WIfi AMA Watch D32 Hàng nhập khẩu35',91,10,1400000,1000,0,NULL,'672fc0bf597cda9d9707bb38fd8ec2c2.jpg',NULL),(897,'Đồng hồ Thông minh Đinh vị Kép Chống nước Dành cho Trẻ em 5 tuổi, 6 tuổi, 7 tuổi, 8 tuổi, 9 tuổi, 10 tuổi, 11 tuổi AMA Watch Q13 Hàng nhập khẩu36',91,10,1174001,1000,0,NULL,'7f9684d8b8f44c932362ece8f8e7b839.jpg',NULL),(898,'Đồng hồ thông minh Amazfit Bip 3 Pro - Màn hình lớn 1,69 \'| Pin 2 tuần |5 ATM -BH 12 Tháng - Hàng Chính Hãng37',96,10,1390000,1000,0,NULL,'cf2a49a5d6acb7239825361a5b300988.png',NULL),(899,'Đồng hồ định vị trẻ em Q5038',41,10,325000,1000,0,NULL,'04c799c3206e2a8f56cacf0ff187f22b.jpeg',NULL),(900,'Đồng hồ thông minh Amazfit Bip 3 Pro - Màn hình lớn 1,69 \'| Pin 2 tuần |5 ATM | Đo độ bão hòa oxy trong máu - Hàng Chính Hãng39',96,10,1390000,1000,0,NULL,'750da3c99961c305e5a915f2c42f3809.png',NULL),(901,'Đồng Hồ Thông Minh DZ0940',41,10,199000,1000,0,NULL,'9a3c60149197bfe170ef77bda23f191b.jpg',NULL),(902,'Đồng Hồ Thông Minh Garmin Vivomove Sport -  Hàng Chính Hãng41',95,10,3813000,1000,0,NULL,'ab33993ed59d50f36fb2b2884223c212.png',NULL),(903,'Đồng Hồ Thông Minh Fitbit Inspire 3 - Hàng Chính Hãng42',92,10,2270000,1000,0,NULL,'4d5894db791f90658bc04a7598c67605.jpg',NULL),(904,'Đồng Hồ Thông Minh SmartWatch Tagobee NX3 Thời Trang Không Thấm Nước.Nhiều Chế Độ Thể Thao/Đo Huyết Áp,Nhịp Tim,Calo,Oxy.Nghe Gọi Hai Chiều.Dành Cho Nam.Hàng Chính Hãng43',97,10,965900,1000,0,NULL,'c2b577787a7f3502602efec24c29e944.jpg',NULL),(905,'Đồng hồ báo thức điện tử thông minh để bàn mini DH8944',41,10,52000,1000,0,NULL,'be98310f33b6670bfe5d49012c5f0b92.jpg',NULL),(906,'Đồng hồ thông minh Lykry Zero màn hình vuông 1.7 inch chống nước IP67 có máy đo nhịp tim theo dõi tập luyện45',101,10,500200,1000,0,NULL,'a8c5fb8a5b7180890e90fe8c4aed47b1.jpg',NULL),(907,'Đồng hồ thông minh Samsung Galaxy Watch 5 LTE (40mm) R905 - Hàng Chính Hãng46',16,10,5795000,1000,0,NULL,'1bf0708ff12b5327f9bdbd315cb2dd9a.jpeg',NULL),(908,'Đồng Hồ Thông Minh Amazfit Bip U - Hàng Chính Hãng47',18,10,749000,1000,0,NULL,'760a8e42de3875a2f30b0411d0e1c7d0.png',NULL),(909,'Đồng Hồ Pomodoro Hẹn Giờ 60 Phút Kim Loại Nhiều Kiểu Dáng48',41,10,119000,1000,0,NULL,'996cd070654b2e5762720bb5d35fca03.jpg',NULL),(910,'Đồng Hồ Thông Minh Trẻ Em AMA Watch Q12B Hàng nhập khẩu49',91,10,250000,1000,0,NULL,'462a1eef455a62f7eb922e00369fb8dd.jpg',NULL),(911,'Đồng hồ Thông minh Gọi Video Call Định vị chuẩn GPS, Wifi Dành cho Trẻ em Mầm non, Học sinh Tiểu học AMA Watch Y95 Hàng nhập khẩu50',91,10,1352001,1000,0,NULL,'86c824977bfd76ed93438598c8a42e2a.jpg',NULL),(912,'Vòng Đeo Tay Thông Minh Garmin Vivosmart 5 - Hàng Chính Hãng FPT51',95,10,3863000,1000,0,NULL,'f42f03e4bd4d260c6aeb8c8b02f7d90c.png',NULL);
/*!40000 ALTER TABLE `products` ENABLE KEYS */;
UNLOCK TABLES;

--
-- Table structure for table `ratings`
--

DROP TABLE IF EXISTS `ratings`;
/*!40101 SET @saved_cs_client     = @@character_set_client */;
/*!50503 SET character_set_client = utf8mb4 */;
CREATE TABLE `ratings` (
  `rating_id` int NOT NULL AUTO_INCREMENT,
  `user_id` int NOT NULL,
  `product_id` int NOT NULL,
  `rate` int unsigned DEFAULT NULL,
  PRIMARY KEY (`rating_id`),
  KEY `user_id` (`user_id`),
  KEY `product_id` (`product_id`),
  CONSTRAINT `ratings_ibfk_1` FOREIGN KEY (`user_id`) REFERENCES `users` (`user_id`),
  CONSTRAINT `ratings_ibfk_2` FOREIGN KEY (`product_id`) REFERENCES `products` (`product_id`),
  CONSTRAINT `rate` CHECK (((`rate` >= 1) and (`rate` <= 5)))
) ENGINE=InnoDB DEFAULT CHARSET=utf8mb4 COLLATE=utf8mb4_0900_ai_ci;
/*!40101 SET character_set_client = @saved_cs_client */;

--
-- Dumping data for table `ratings`
--

LOCK TABLES `ratings` WRITE;
/*!40000 ALTER TABLE `ratings` DISABLE KEYS */;
/*!40000 ALTER TABLE `ratings` ENABLE KEYS */;
UNLOCK TABLES;

--
-- Table structure for table `roles`
--

DROP TABLE IF EXISTS `roles`;
/*!40101 SET @saved_cs_client     = @@character_set_client */;
/*!50503 SET character_set_client = utf8mb4 */;
CREATE TABLE `roles` (
  `id` int NOT NULL AUTO_INCREMENT,
  `name` varchar(20) DEFAULT NULL,
  PRIMARY KEY (`id`)
) ENGINE=InnoDB AUTO_INCREMENT=3 DEFAULT CHARSET=utf8mb4 COLLATE=utf8mb4_0900_ai_ci;
/*!40101 SET character_set_client = @saved_cs_client */;

--
-- Dumping data for table `roles`
--

LOCK TABLES `roles` WRITE;
/*!40000 ALTER TABLE `roles` DISABLE KEYS */;
INSERT INTO `roles` VALUES (1,'admin'),(2,'customer');
/*!40000 ALTER TABLE `roles` ENABLE KEYS */;
UNLOCK TABLES;

--
-- Table structure for table `suppliers`
--

DROP TABLE IF EXISTS `suppliers`;
/*!40101 SET @saved_cs_client     = @@character_set_client */;
/*!50503 SET character_set_client = utf8mb4 */;
CREATE TABLE `suppliers` (
  `supplier_id` int NOT NULL AUTO_INCREMENT,
  `supplier_name` varchar(255) NOT NULL,
  `address` varchar(255) NOT NULL,
  `email` varchar(255) DEFAULT NULL,
  `phone_number` varchar(13) DEFAULT NULL,
  PRIMARY KEY (`supplier_id`),
  UNIQUE KEY `UQ_supplier_name` (`supplier_name`),
  UNIQUE KEY `UQ_supplier_email` (`email`),
  UNIQUE KEY `UQ_supplier_phone_number` (`phone_number`)
) ENGINE=InnoDB AUTO_INCREMENT=106 DEFAULT CHARSET=utf8mb4 COLLATE=utf8mb4_0900_ai_ci;
/*!40101 SET character_set_client = @saved_cs_client */;

--
-- Dumping data for table `suppliers`
--

LOCK TABLES `suppliers` WRITE;
/*!40000 ALTER TABLE `suppliers` DISABLE KEYS */;
INSERT INTO `suppliers` VALUES (1,'MSI','Thành phố Tuy Hòa, Phú Yên, Việt Nam',NULL,NULL),(2,'Acer','Thành Phố Nha Trang, Khánh Hòa, Việt Nam',NULL,NULL),(3,'Asus','Thành phố Tuy Hòa, Phú Yên, Việt Nam',NULL,NULL),(4,'HP','Thành Phố Nha Trang, Khánh Hòa, Việt Nam',NULL,NULL),(5,'Lenovo','Thành phố Tuy Hòa, Phú Yên, Việt Nam',NULL,NULL),(6,'MSmart','Thủ đô Hà Nội, Việt Nam',NULL,NULL),(7,'Gigabyte','Thành phố Hồ Chí Minh, Việt Nam',NULL,NULL),(8,'Dell','Thành phố Hồ Chí Minh, Việt Nam',NULL,NULL),(9,'Colorful','Thủ đô Hà Nội, Việt Nam',NULL,NULL),(10,'Apple','Thành phố Đà Nẵng, Việt Nam',NULL,NULL),(11,'Hyper','Thành phố Đà Nẵng, Việt Nam',NULL,NULL),(12,'HyperDrive','Thành phố Hồ Chí Minh, Việt Nam',NULL,NULL),(13,'Innostyle','Thành Phố Nha Trang, Khánh Hòa, Việt Nam',NULL,NULL),(14,'UGREEN','Thành Phố Nha Trang, Khánh Hòa, Việt Nam',NULL,NULL),(15,'WIWU','Thành phố Đà Nẵng, Việt Nam',NULL,NULL),(16,'Samsung','Thành phố Đà Nẵng, Việt Nam',NULL,NULL),(17,'OPPO','Thành Phố Nha Trang, Khánh Hòa, Việt Nam',NULL,NULL),(18,'Xiaomi','Thành phố Đà Nẵng, Việt Nam',NULL,NULL),(19,'Tecno','Thành phố Hồ Chí Minh, Việt Nam',NULL,NULL),(20,'Nokia','Thành Phố Nha Trang, Khánh Hòa, Việt Nam',NULL,NULL),(21,'Itel','Thành phố Tuy Hòa, Phú Yên, Việt Nam',NULL,NULL),(22,'Vivo','Thành phố Hồ Chí Minh, Việt Nam',NULL,NULL),(23,'Realme','Thành Phố Nha Trang, Khánh Hòa, Việt Nam',NULL,NULL),(24,'CAVARA','Thành phố Tuy Hòa, Phú Yên, Việt Nam',NULL,NULL),(25,'Helios','Thành phố Đà Nẵng, Việt Nam',NULL,NULL),(26,'Vinaphone','Thành Phố Nha Trang, Khánh Hòa, Việt Nam',NULL,NULL),(27,'Tamayoko','Thành phố Đà Nẵng, Việt Nam',NULL,NULL),(28,'Yesido Just For You','Thành phố Tuy Hòa, Phú Yên, Việt Nam',NULL,NULL),(29,'RAVPower','Thành phố Tuy Hòa, Phú Yên, Việt Nam',NULL,NULL),(30,'PKCB','Thành Phố Nha Trang, Khánh Hòa, Việt Nam',NULL,NULL),(31,'SeaSy','Thành phố Tuy Hòa, Phú Yên, Việt Nam',NULL,NULL),(32,'Logitech','Thành Phố Nha Trang, Khánh Hòa, Việt Nam',NULL,NULL),(33,'Hoco','Thành phố Tuy Hòa, Phú Yên, Việt Nam',NULL,NULL),(34,'Mobifone','Thành Phố Nha Trang, Khánh Hòa, Việt Nam',NULL,NULL),(35,'Memo','Thành phố Tuy Hòa, Phú Yên, Việt Nam',NULL,NULL),(36,'Selfiecom','Thủ đô Hà Nội, Việt Nam',NULL,NULL),(37,'HXSJ','Thủ đô Hà Nội, Việt Nam',NULL,NULL),(38,'Remax','Thành phố Đà Nẵng, Việt Nam',NULL,NULL),(39,'Sony','Thủ đô Hà Nội, Việt Nam',NULL,NULL),(40,'Canon','Thủ đô Hà Nội, Việt Nam',NULL,NULL),(41,'OEM','Thủ đô Hà Nội, Việt Nam',NULL,NULL),(42,'Fujifilm','Thủ đô Hà Nội, Việt Nam',NULL,NULL),(43,'Godox','Thủ đô Hà Nội, Việt Nam',NULL,NULL),(44,'POLAROID','Thủ đô Hà Nội, Việt Nam',NULL,NULL),(45,'Tamron','Thủ đô Hà Nội, Việt Nam',NULL,NULL),(46,'EOS','Thủ đô Hà Nội, Việt Nam',NULL,NULL),(47,'ASRock','Thủ đô Hà Nội, Việt Nam',NULL,NULL),(48,'Aorus - Gigabyte','Thủ đô Hà Nội, Việt Nam',NULL,NULL),(49,'Aorus','Thủ đô Hà Nội, Việt Nam',NULL,NULL),(50,'Skyworth','Thủ đô Hà Nội, Việt Nam',NULL,NULL),(51,'LG','Thủ đô Hà Nội, Việt Nam',NULL,NULL),(52,'TOMKO','Thủ đô Hà Nội, Việt Nam',NULL,NULL),(53,'AOC','Thủ đô Hà Nội, Việt Nam',NULL,NULL),(54,'K vision','Thủ đô Hà Nội, Việt Nam',NULL,NULL),(55,'Viewsonic','Thủ đô Hà Nội, Việt Nam',NULL,NULL),(56,'Provision','Thủ đô Hà Nội, Việt Nam',NULL,NULL),(57,'Huawei','Thủ đô Hà Nội, Việt Nam',NULL,NULL),(58,'VSP','Thủ đô Hà Nội, Việt Nam',NULL,NULL),(59,'MCC','Thủ đô Hà Nội, Việt Nam',NULL,NULL),(60,'Philips','Thủ đô Hà Nội, Việt Nam',NULL,NULL),(61,'LC-POWER','Thủ đô Hà Nội, Việt Nam',NULL,NULL),(62,'VSPTECH','Thủ đô Hà Nội, Việt Nam',NULL,NULL),(63,'Afox','Thủ đô Hà Nội, Việt Nam',NULL,NULL),(64,'ECS','Thủ đô Hà Nội, Việt Nam',NULL,NULL),(65,'Coolman','Thủ đô Hà Nội, Việt Nam',NULL,NULL),(66,'GiGaBye','Thủ đô Hà Nội, Việt Nam',NULL,NULL),(67,'AMD','Thủ đô Hà Nội, Việt Nam',NULL,NULL),(68,'GSkill','Thủ đô Hà Nội, Việt Nam',NULL,NULL),(69,'KingMax','Thủ đô Hà Nội, Việt Nam',NULL,NULL),(70,'Asgard','Thủ đô Hà Nội, Việt Nam',NULL,NULL),(71,'Kingston','Thủ đô Hà Nội, Việt Nam',NULL,NULL),(72,'G.Skill','Thủ đô Hà Nội, Việt Nam',NULL,NULL),(73,'KingSpec','Thủ đô Hà Nội, Việt Nam',NULL,NULL),(74,'Pioneer','Thủ đô Hà Nội, Việt Nam',NULL,NULL),(75,'T-FORCE','Thủ đô Hà Nội, Việt Nam',NULL,NULL),(76,'TEAM GROUP','Thủ đô Hà Nội, Việt Nam',NULL,NULL),(77,'Corsair','Thủ đô Hà Nội, Việt Nam',NULL,NULL),(78,'Hynix','Thủ đô Hà Nội, Việt Nam',NULL,NULL),(79,'Crucial','Thủ đô Hà Nội, Việt Nam',NULL,NULL),(80,'ADATA','Thủ đô Hà Nội, Việt Nam',NULL,NULL),(81,'Patriot','Thủ đô Hà Nội, Việt Nam',NULL,NULL),(82,'TEAM','Thủ đô Hà Nội, Việt Nam',NULL,NULL),(83,'Silicon Power','Thủ đô Hà Nội, Việt Nam',NULL,NULL),(84,'Intel','Thủ đô Hà Nội, Việt Nam',NULL,NULL),(85,'nVIDIA','Thủ đô Hà Nội, Việt Nam',NULL,NULL),(86,'ZOTAC','Thủ đô Hà Nội, Việt Nam',NULL,NULL),(87,'GALAX','Thủ đô Hà Nội, Việt Nam',NULL,NULL),(88,'QUADRO','Thủ đô Hà Nội, Việt Nam',NULL,NULL),(89,'Inno3D','Thủ đô Hà Nội, Việt Nam',NULL,NULL),(90,'Palit','Thủ đô Hà Nội, Việt Nam',NULL,NULL),(91,'AMA','Thủ đô Hà Nội, Việt Nam',NULL,NULL),(92,'Fitbit','Thủ đô Hà Nội, Việt Nam',NULL,NULL),(93,'SANDA','Thủ đô Hà Nội, Việt Nam',NULL,NULL),(94,'DOHORA VN','Thủ đô Hà Nội, Việt Nam',NULL,NULL),(95,'Garmin','Thủ đô Hà Nội, Việt Nam',NULL,NULL),(96,'AMAZFIT','Thủ đô Hà Nội, Việt Nam',NULL,NULL),(97,'Tagobee','Thủ đô Hà Nội, Việt Nam',NULL,NULL),(98,'SoundPEATS','Thủ đô Hà Nội, Việt Nam',NULL,NULL),(99,'VINETTEAM','Thủ đô Hà Nội, Việt Nam',NULL,NULL),(100,'LivWell','Thủ đô Hà Nội, Việt Nam',NULL,NULL),(101,'Lykry','Thủ đô Hà Nội, Việt Nam',NULL,NULL),(102,'HAYLOU','Thủ đô Hà Nội, Việt Nam',NULL,NULL),(103,'ANNCOE','Thủ đô Hà Nội, Việt Nam',NULL,NULL),(104,'COLMI','Thủ đô Hà Nội, Việt Nam',NULL,NULL),(105,'Mibro','Thủ đô Hà Nội, Việt Nam',NULL,NULL);
/*!40000 ALTER TABLE `suppliers` ENABLE KEYS */;
UNLOCK TABLES;

--
-- Table structure for table `users`
--

DROP TABLE IF EXISTS `users`;
/*!40101 SET @saved_cs_client     = @@character_set_client */;
/*!50503 SET character_set_client = utf8mb4 */;
CREATE TABLE `users` (
  `user_id` int NOT NULL AUTO_INCREMENT,
  `role_id` int NOT NULL,
  `username` varchar(255) NOT NULL,
  `first_name` varchar(255) NOT NULL,
  `last_name` varchar(255) NOT NULL,
  `birth_date` date NOT NULL,
  `sex` char(1) NOT NULL,
  `address` varchar(255) NOT NULL,
  `email` varchar(255) DEFAULT NULL,
  `phone_number` char(12) DEFAULT NULL,
  `avatar` varchar(255) DEFAULT 'user.png',
  `hashed_password` varchar(60) DEFAULT NULL,
  PRIMARY KEY (`user_id`),
  UNIQUE KEY `UQ_username` (`username`),
  UNIQUE KEY `UQ_email` (`email`),
  UNIQUE KEY `UQ_phone_number` (`phone_number`),
  KEY `role_id` (`role_id`),
  CONSTRAINT `users_ibfk_1` FOREIGN KEY (`role_id`) REFERENCES `roles` (`id`),
  CONSTRAINT `User_sex` CHECK (((`sex` = _utf8mb4'M') or (`sex` = _utf8mb4'F')))
) ENGINE=InnoDB AUTO_INCREMENT=2 DEFAULT CHARSET=utf8mb4 COLLATE=utf8mb4_0900_ai_ci;
/*!40101 SET character_set_client = @saved_cs_client */;

--
-- Dumping data for table `users`
--

LOCK TABLES `users` WRITE;
/*!40000 ALTER TABLE `users` DISABLE KEYS */;
INSERT INTO `users` VALUES (1,1,'hoaian_admin','Hoài Ân','Lê','2003-02-22','M','Hòa Trị, Phú Hòa, Phú Yên',NULL,NULL,'user.png','$2b$10$V11jxXDnQf2Xryyu2jP.6./6v0JRMA5DOCmTTuYd6FgsxJ1R6kxzm');
/*!40000 ALTER TABLE `users` ENABLE KEYS */;
UNLOCK TABLES;

--
-- Table structure for table `vouchers`
--

DROP TABLE IF EXISTS `vouchers`;
/*!40101 SET @saved_cs_client     = @@character_set_client */;
/*!50503 SET character_set_client = utf8mb4 */;
CREATE TABLE `vouchers` (
  `voucher_id` varchar(60) NOT NULL,
  `voucher_name` varchar(255) NOT NULL,
  `voucher_discount` double NOT NULL,
  `expiry_date` date NOT NULL,
  `description` text,
  PRIMARY KEY (`voucher_id`),
  CONSTRAINT `voucher_limit` CHECK (((`voucher_discount` > 0) and (`voucher_discount` < 1)))
) ENGINE=InnoDB DEFAULT CHARSET=utf8mb4 COLLATE=utf8mb4_0900_ai_ci;
/*!40101 SET character_set_client = @saved_cs_client */;

--
-- Dumping data for table `vouchers`
--

LOCK TABLES `vouchers` WRITE;
/*!40000 ALTER TABLE `vouchers` DISABLE KEYS */;
/*!40000 ALTER TABLE `vouchers` ENABLE KEYS */;
UNLOCK TABLES;

--
-- Dumping routines for database 'store'
--
/*!40103 SET TIME_ZONE=@OLD_TIME_ZONE */;

/*!40101 SET SQL_MODE=@OLD_SQL_MODE */;
/*!40014 SET FOREIGN_KEY_CHECKS=@OLD_FOREIGN_KEY_CHECKS */;
/*!40014 SET UNIQUE_CHECKS=@OLD_UNIQUE_CHECKS */;
/*!40101 SET CHARACTER_SET_CLIENT=@OLD_CHARACTER_SET_CLIENT */;
/*!40101 SET CHARACTER_SET_RESULTS=@OLD_CHARACTER_SET_RESULTS */;
/*!40101 SET COLLATION_CONNECTION=@OLD_COLLATION_CONNECTION */;
/*!40111 SET SQL_NOTES=@OLD_SQL_NOTES */;

-- Dump completed on 2023-04-18  8:22:04